scan,label
/data/PANORAMA/cvillaseca/panorama_batch1/batch_1/100529_00001_0000.nii.gz,/data/PANORAMA/cvillaseca/panorama_labels/automatic_labels/100529_00001.nii.gz
/data/PANORAMA/cvillaseca/panorama_batch1/batch_1/100241_00001_0000.nii.gz,/data/PANORAMA/cvillaseca/panorama_labels/automatic_labels/100241_00001.nii.gz
/data/PANORAMA/cvillaseca/panorama_batch1/batch_1/100045_00001_0000.nii.gz,/data/PANORAMA/cvillaseca/panorama_labels/automatic_labels/100045_00001.nii.gz
/data/PANORAMA/cvillaseca/panorama_batch1/batch_1/100263_00001_0000.nii.gz,/data/PANORAMA/cvillaseca/panorama_labels/automatic_labels/100263_00001.nii.gz
/data/PANORAMA/cvillaseca/panorama_batch1/batch_1/100489_00001_0000.nii.gz,/data/PANORAMA/cvillaseca/panorama_labels/automatic_labels/100489_00001.nii.gz
/data/PANORAMA/cvillaseca/panorama_batch1/batch_1/100304_00001_0000.nii.gz,/data/PANORAMA/cvillaseca/panorama_labels/automatic_labels/100304_00001.nii.gz
/data/PANORAMA/cvillaseca/panorama_batch1/batch_1/100541_00001_0000.nii.gz,/data/PANORAMA/cvillaseca/panorama_labels/automatic_labels/100541_00001.nii.gz
/data/PANORAMA/cvillaseca/panorama_batch1/batch_1/100455_00001_0000.nii.gz,/data/PANORAMA/cvillaseca/panorama_labels/automatic_labels/100455_00001.nii.gz
/data/PANORAMA/cvillaseca/panorama_batch1/batch_1/100253_00001_0000.nii.gz,/data/PANORAMA/cvillaseca/panorama_labels/automatic_labels/100253_00001.nii.gz
/data/PANORAMA/cvillaseca/panorama_batch1/batch_1/100151_00001_0000.nii.gz,/data/PANORAMA/cvillaseca/panorama_labels/automatic_labels/100151_00001.nii.gz
/data/PANORAMA/cvillaseca/panorama_batch1/batch_1/100019_00001_0000.nii.gz,/data/PANORAMA/cvillaseca/panorama_labels/automatic_labels/100019_00001.nii.gz
/data/PANORAMA/cvillaseca/panorama_batch1/batch_1/100199_00001_0000.nii.gz,/data/PANORAMA/cvillaseca/panorama_labels/automatic_labels/100199_00001.nii.gz
/data/PANORAMA/cvillaseca/panorama_batch1/batch_1/100458_00001_0000.nii.gz,/data/PANORAMA/cvillaseca/panorama_labels/automatic_labels/100458_00001.nii.gz
/data/PANORAMA/cvillaseca/panorama_batch1/batch_1/100012_00001_0000.nii.gz,/data/PANORAMA/cvillaseca/panorama_labels/automatic_labels/100012_00001.nii.gz
/data/PANORAMA/cvillaseca/panorama_batch1/batch_1/100482_00001_0000.nii.gz,/data/PANORAMA/cvillaseca/panorama_labels/automatic_labels/100482_00001.nii.gz
/data/PANORAMA/cvillaseca/panorama_batch1/batch_1/100215_00001_0000.nii.gz,/data/PANORAMA/cvillaseca/panorama_labels/automatic_labels/100215_00001.nii.gz
/data/PANORAMA/cvillaseca/panorama_batch1/batch_1/100513_00001_0000.nii.gz,/data/PANORAMA/cvillaseca/panorama_labels/automatic_labels/100513_00001.nii.gz
/data/PANORAMA/cvillaseca/panorama_batch1/batch_1/100501_00001_0000.nii.gz,/data/PANORAMA/cvillaseca/panorama_labels/automatic_labels/100501_00001.nii.gz
/data/PANORAMA/cvillaseca/panorama_batch1/batch_1/100072_00001_0000.nii.gz,/data/PANORAMA/cvillaseca/panorama_labels/automatic_labels/100072_00001.nii.gz
/data/PANORAMA/cvillaseca/panorama_batch1/batch_1/100256_00001_0000.nii.gz,/data/PANORAMA/cvillaseca/panorama_labels/automatic_labels/100256_00001.nii.gz
/data/PANORAMA/cvillaseca/panorama_batch1/batch_1/100465_00001_0000.nii.gz,/data/PANORAMA/cvillaseca/panorama_labels/automatic_labels/100465_00001.nii.gz
/data/PANORAMA/cvillaseca/panorama_batch1/batch_1/100414_00001_0000.nii.gz,/data/PANORAMA/cvillaseca/panorama_labels/automatic_labels/100414_00001.nii.gz
/data/PANORAMA/cvillaseca/panorama_batch1/batch_1/100357_00001_0000.nii.gz,/data/PANORAMA/cvillaseca/panorama_labels/automatic_labels/100357_00001.nii.gz
/data/PANORAMA/cvillaseca/panorama_batch1/batch_1/100507_00001_0000.nii.gz,/data/PANORAMA/cvillaseca/panorama_labels/automatic_labels/100507_00001.nii.gz
/data/PANORAMA/cvillaseca/panorama_batch1/batch_1/100538_00001_0000.nii.gz,/data/PANORAMA/cvillaseca/panorama_labels/automatic_labels/100538_00001.nii.gz
/data/PANORAMA/cvillaseca/panorama_batch1/batch_1/100165_00001_0000.nii.gz,/data/PANORAMA/cvillaseca/panorama_labels/automatic_labels/100165_00001.nii.gz
/data/PANORAMA/cvillaseca/panorama_batch1/batch_1/100268_00002_0000.nii.gz,/data/PANORAMA/cvillaseca/panorama_labels/automatic_labels/100268_00002.nii.gz
/data/PANORAMA/cvillaseca/panorama_batch1/batch_1/100457_00001_0000.nii.gz,/data/PANORAMA/cvillaseca/panorama_labels/automatic_labels/100457_00001.nii.gz
/data/PANORAMA/cvillaseca/panorama_batch1/batch_1/100539_00001_0000.nii.gz,/data/PANORAMA/cvillaseca/panorama_labels/automatic_labels/100539_00001.nii.gz
/data/PANORAMA/cvillaseca/panorama_batch1/batch_1/100297_00001_0000.nii.gz,/data/PANORAMA/cvillaseca/panorama_labels/automatic_labels/100297_00001.nii.gz
/data/PANORAMA/cvillaseca/panorama_batch1/batch_1/100014_00001_0000.nii.gz,/data/PANORAMA/cvillaseca/panorama_labels/automatic_labels/100014_00001.nii.gz
/data/PANORAMA/cvillaseca/panorama_batch1/batch_1/100004_00001_0000.nii.gz,/data/PANORAMA/cvillaseca/panorama_labels/automatic_labels/100004_00001.nii.gz
/data/PANORAMA/cvillaseca/panorama_batch1/batch_1/100360_00001_0000.nii.gz,/data/PANORAMA/cvillaseca/panorama_labels/automatic_labels/100360_00001.nii.gz
/data/PANORAMA/cvillaseca/panorama_batch1/batch_1/100481_00001_0000.nii.gz,/data/PANORAMA/cvillaseca/panorama_labels/automatic_labels/100481_00001.nii.gz
/data/PANORAMA/cvillaseca/panorama_batch1/batch_1/100461_00001_0000.nii.gz,/data/PANORAMA/cvillaseca/panorama_labels/automatic_labels/100461_00001.nii.gz
/data/PANORAMA/cvillaseca/panorama_batch1/batch_1/100112_00001_0000.nii.gz,/data/PANORAMA/cvillaseca/panorama_labels/automatic_labels/100112_00001.nii.gz
/data/PANORAMA/cvillaseca/panorama_batch1/batch_1/100117_00001_0000.nii.gz,/data/PANORAMA/cvillaseca/panorama_labels/automatic_labels/100117_00001.nii.gz
/data/PANORAMA/cvillaseca/panorama_batch1/batch_1/100373_00001_0000.nii.gz,/data/PANORAMA/cvillaseca/panorama_labels/automatic_labels/100373_00001.nii.gz
/data/PANORAMA/cvillaseca/panorama_batch1/batch_1/100096_00001_0000.nii.gz,/data/PANORAMA/cvillaseca/panorama_labels/automatic_labels/100096_00001.nii.gz
/data/PANORAMA/cvillaseca/panorama_batch1/batch_1/100537_00001_0000.nii.gz,/data/PANORAMA/cvillaseca/panorama_labels/manual_labels/100537_00001.nii.gz
/data/PANORAMA/cvillaseca/panorama_batch1/batch_1/100146_00001_0000.nii.gz,/data/PANORAMA/cvillaseca/panorama_labels/automatic_labels/100146_00001.nii.gz
/data/PANORAMA/cvillaseca/panorama_batch1/batch_1/100417_00001_0000.nii.gz,/data/PANORAMA/cvillaseca/panorama_labels/automatic_labels/100417_00001.nii.gz
/data/PANORAMA/cvillaseca/panorama_batch1/batch_1/100503_00001_0000.nii.gz,/data/PANORAMA/cvillaseca/panorama_labels/manual_labels/100503_00001.nii.gz
/data/PANORAMA/cvillaseca/panorama_batch1/batch_1/100203_00001_0000.nii.gz,/data/PANORAMA/cvillaseca/panorama_labels/automatic_labels/100203_00001.nii.gz
/data/PANORAMA/cvillaseca/panorama_batch1/batch_1/100379_00001_0000.nii.gz,/data/PANORAMA/cvillaseca/panorama_labels/manual_labels/100379_00001.nii.gz
/data/PANORAMA/cvillaseca/panorama_batch1/batch_1/100053_00001_0000.nii.gz,/data/PANORAMA/cvillaseca/panorama_labels/automatic_labels/100053_00001.nii.gz
/data/PANORAMA/cvillaseca/panorama_batch1/batch_1/100129_00001_0000.nii.gz,/data/PANORAMA/cvillaseca/panorama_labels/automatic_labels/100129_00001.nii.gz
/data/PANORAMA/cvillaseca/panorama_batch1/batch_1/100047_00003_0000.nii.gz,/data/PANORAMA/cvillaseca/panorama_labels/automatic_labels/100047_00003.nii.gz
/data/PANORAMA/cvillaseca/panorama_batch1/batch_1/100070_00001_0000.nii.gz,/data/PANORAMA/cvillaseca/panorama_labels/automatic_labels/100070_00001.nii.gz
/data/PANORAMA/cvillaseca/panorama_batch1/batch_1/100023_00001_0000.nii.gz,/data/PANORAMA/cvillaseca/panorama_labels/automatic_labels/100023_00001.nii.gz
/data/PANORAMA/cvillaseca/panorama_batch1/batch_1/100516_00001_0000.nii.gz,/data/PANORAMA/cvillaseca/panorama_labels/automatic_labels/100516_00001.nii.gz
/data/PANORAMA/cvillaseca/panorama_batch1/batch_1/100285_00001_0000.nii.gz,/data/PANORAMA/cvillaseca/panorama_labels/automatic_labels/100285_00001.nii.gz
/data/PANORAMA/cvillaseca/panorama_batch1/batch_1/100524_00001_0000.nii.gz,/data/PANORAMA/cvillaseca/panorama_labels/automatic_labels/100524_00001.nii.gz
/data/PANORAMA/cvillaseca/panorama_batch1/batch_1/100188_00001_0000.nii.gz,/data/PANORAMA/cvillaseca/panorama_labels/automatic_labels/100188_00001.nii.gz
/data/PANORAMA/cvillaseca/panorama_batch1/batch_1/100214_00001_0000.nii.gz,/data/PANORAMA/cvillaseca/panorama_labels/automatic_labels/100214_00001.nii.gz
/data/PANORAMA/cvillaseca/panorama_batch1/batch_1/100138_00001_0000.nii.gz,/data/PANORAMA/cvillaseca/panorama_labels/manual_labels/100138_00001.nii.gz
/data/PANORAMA/cvillaseca/panorama_batch1/batch_1/100136_00001_0000.nii.gz,/data/PANORAMA/cvillaseca/panorama_labels/automatic_labels/100136_00001.nii.gz
/data/PANORAMA/cvillaseca/panorama_batch1/batch_1/100260_00001_0000.nii.gz,/data/PANORAMA/cvillaseca/panorama_labels/automatic_labels/100260_00001.nii.gz
/data/PANORAMA/cvillaseca/panorama_batch1/batch_1/100055_00001_0000.nii.gz,/data/PANORAMA/cvillaseca/panorama_labels/automatic_labels/100055_00001.nii.gz
/data/PANORAMA/cvillaseca/panorama_batch1/batch_1/100437_00001_0000.nii.gz,/data/PANORAMA/cvillaseca/panorama_labels/automatic_labels/100437_00001.nii.gz
/data/PANORAMA/cvillaseca/panorama_batch1/batch_1/100335_00001_0000.nii.gz,/data/PANORAMA/cvillaseca/panorama_labels/manual_labels/100335_00001.nii.gz
/data/PANORAMA/cvillaseca/panorama_batch1/batch_1/100143_00001_0000.nii.gz,/data/PANORAMA/cvillaseca/panorama_labels/automatic_labels/100143_00001.nii.gz
/data/PANORAMA/cvillaseca/panorama_batch1/batch_1/100487_00001_0000.nii.gz,/data/PANORAMA/cvillaseca/panorama_labels/automatic_labels/100487_00001.nii.gz
/data/PANORAMA/cvillaseca/panorama_batch1/batch_1/100154_00001_0000.nii.gz,/data/PANORAMA/cvillaseca/panorama_labels/automatic_labels/100154_00001.nii.gz
/data/PANORAMA/cvillaseca/panorama_batch1/batch_1/100048_00001_0000.nii.gz,/data/PANORAMA/cvillaseca/panorama_labels/automatic_labels/100048_00001.nii.gz
/data/PANORAMA/cvillaseca/panorama_batch1/batch_1/100490_00001_0000.nii.gz,/data/PANORAMA/cvillaseca/panorama_labels/automatic_labels/100490_00001.nii.gz
/data/PANORAMA/cvillaseca/panorama_batch1/batch_1/100252_00001_0000.nii.gz,/data/PANORAMA/cvillaseca/panorama_labels/automatic_labels/100252_00001.nii.gz
/data/PANORAMA/cvillaseca/panorama_batch1/batch_1/100463_00001_0000.nii.gz,/data/PANORAMA/cvillaseca/panorama_labels/manual_labels/100463_00001.nii.gz
/data/PANORAMA/cvillaseca/panorama_batch1/batch_1/100333_00001_0000.nii.gz,/data/PANORAMA/cvillaseca/panorama_labels/automatic_labels/100333_00001.nii.gz
/data/PANORAMA/cvillaseca/panorama_batch1/batch_1/100279_00001_0000.nii.gz,/data/PANORAMA/cvillaseca/panorama_labels/automatic_labels/100279_00001.nii.gz
/data/PANORAMA/cvillaseca/panorama_batch1/batch_1/100261_00001_0000.nii.gz,/data/PANORAMA/cvillaseca/panorama_labels/manual_labels/100261_00001.nii.gz
/data/PANORAMA/cvillaseca/panorama_batch1/batch_1/100217_00001_0000.nii.gz,/data/PANORAMA/cvillaseca/panorama_labels/manual_labels/100217_00001.nii.gz
/data/PANORAMA/cvillaseca/panorama_batch1/batch_1/100376_00001_0000.nii.gz,/data/PANORAMA/cvillaseca/panorama_labels/automatic_labels/100376_00001.nii.gz
/data/PANORAMA/cvillaseca/panorama_batch1/batch_1/100392_00001_0000.nii.gz,/data/PANORAMA/cvillaseca/panorama_labels/automatic_labels/100392_00001.nii.gz
/data/PANORAMA/cvillaseca/panorama_batch1/batch_1/100031_00001_0000.nii.gz,/data/PANORAMA/cvillaseca/panorama_labels/automatic_labels/100031_00001.nii.gz
/data/PANORAMA/cvillaseca/panorama_batch1/batch_1/100393_00001_0000.nii.gz,/data/PANORAMA/cvillaseca/panorama_labels/automatic_labels/100393_00001.nii.gz
/data/PANORAMA/cvillaseca/panorama_batch1/batch_1/100230_00001_0000.nii.gz,/data/PANORAMA/cvillaseca/panorama_labels/automatic_labels/100230_00001.nii.gz
/data/PANORAMA/cvillaseca/panorama_batch1/batch_1/100062_00001_0000.nii.gz,/data/PANORAMA/cvillaseca/panorama_labels/automatic_labels/100062_00001.nii.gz
/data/PANORAMA/cvillaseca/panorama_batch1/batch_1/100399_00001_0000.nii.gz,/data/PANORAMA/cvillaseca/panorama_labels/automatic_labels/100399_00001.nii.gz
/data/PANORAMA/cvillaseca/panorama_batch1/batch_1/100245_00001_0000.nii.gz,/data/PANORAMA/cvillaseca/panorama_labels/manual_labels/100245_00001.nii.gz
/data/PANORAMA/cvillaseca/panorama_batch1/batch_1/100343_00001_0000.nii.gz,/data/PANORAMA/cvillaseca/panorama_labels/automatic_labels/100343_00001.nii.gz
/data/PANORAMA/cvillaseca/panorama_batch1/batch_1/100156_00001_0000.nii.gz,/data/PANORAMA/cvillaseca/panorama_labels/automatic_labels/100156_00001.nii.gz
/data/PANORAMA/cvillaseca/panorama_batch1/batch_1/100269_00001_0000.nii.gz,/data/PANORAMA/cvillaseca/panorama_labels/automatic_labels/100269_00001.nii.gz
/data/PANORAMA/cvillaseca/panorama_batch1/batch_1/100404_00001_0000.nii.gz,/data/PANORAMA/cvillaseca/panorama_labels/manual_labels/100404_00001.nii.gz
/data/PANORAMA/cvillaseca/panorama_batch1/batch_1/100526_00001_0000.nii.gz,/data/PANORAMA/cvillaseca/panorama_labels/manual_labels/100526_00001.nii.gz
/data/PANORAMA/cvillaseca/panorama_batch1/batch_1/100515_00001_0000.nii.gz,/data/PANORAMA/cvillaseca/panorama_labels/manual_labels/100515_00001.nii.gz
/data/PANORAMA/cvillaseca/panorama_batch1/batch_1/100519_00001_0000.nii.gz,/data/PANORAMA/cvillaseca/panorama_labels/automatic_labels/100519_00001.nii.gz
/data/PANORAMA/cvillaseca/panorama_batch1/batch_1/100527_00001_0000.nii.gz,/data/PANORAMA/cvillaseca/panorama_labels/automatic_labels/100527_00001.nii.gz
/data/PANORAMA/cvillaseca/panorama_batch1/batch_1/100209_00001_0000.nii.gz,/data/PANORAMA/cvillaseca/panorama_labels/automatic_labels/100209_00001.nii.gz
/data/PANORAMA/cvillaseca/panorama_batch1/batch_1/100394_00001_0000.nii.gz,/data/PANORAMA/cvillaseca/panorama_labels/automatic_labels/100394_00001.nii.gz
/data/PANORAMA/cvillaseca/panorama_batch1/batch_1/100294_00001_0000.nii.gz,/data/PANORAMA/cvillaseca/panorama_labels/automatic_labels/100294_00001.nii.gz
/data/PANORAMA/cvillaseca/panorama_batch1/batch_1/100155_00001_0000.nii.gz,/data/PANORAMA/cvillaseca/panorama_labels/automatic_labels/100155_00001.nii.gz
/data/PANORAMA/cvillaseca/panorama_batch1/batch_1/100443_00001_0000.nii.gz,/data/PANORAMA/cvillaseca/panorama_labels/automatic_labels/100443_00001.nii.gz
/data/PANORAMA/cvillaseca/panorama_batch1/batch_1/100415_00001_0000.nii.gz,/data/PANORAMA/cvillaseca/panorama_labels/automatic_labels/100415_00001.nii.gz
/data/PANORAMA/cvillaseca/panorama_batch1/batch_1/100079_00001_0000.nii.gz,/data/PANORAMA/cvillaseca/panorama_labels/automatic_labels/100079_00001.nii.gz
/data/PANORAMA/cvillaseca/panorama_batch1/batch_1/100043_00001_0000.nii.gz,/data/PANORAMA/cvillaseca/panorama_labels/manual_labels/100043_00001.nii.gz
/data/PANORAMA/cvillaseca/panorama_batch1/batch_1/100054_00001_0000.nii.gz,/data/PANORAMA/cvillaseca/panorama_labels/automatic_labels/100054_00001.nii.gz
/data/PANORAMA/cvillaseca/panorama_batch1/batch_1/100334_00001_0000.nii.gz,/data/PANORAMA/cvillaseca/panorama_labels/automatic_labels/100334_00001.nii.gz
/data/PANORAMA/cvillaseca/panorama_batch1/batch_1/100306_00001_0000.nii.gz,/data/PANORAMA/cvillaseca/panorama_labels/automatic_labels/100306_00001.nii.gz
/data/PANORAMA/cvillaseca/panorama_batch1/batch_1/100065_00001_0000.nii.gz,/data/PANORAMA/cvillaseca/panorama_labels/manual_labels/100065_00001.nii.gz
/data/PANORAMA/cvillaseca/panorama_batch1/batch_1/100303_00001_0000.nii.gz,/data/PANORAMA/cvillaseca/panorama_labels/automatic_labels/100303_00001.nii.gz
/data/PANORAMA/cvillaseca/panorama_batch1/batch_1/100478_00001_0000.nii.gz,/data/PANORAMA/cvillaseca/panorama_labels/automatic_labels/100478_00001.nii.gz
/data/PANORAMA/cvillaseca/panorama_batch1/batch_1/100339_00001_0000.nii.gz,/data/PANORAMA/cvillaseca/panorama_labels/manual_labels/100339_00001.nii.gz
/data/PANORAMA/cvillaseca/panorama_batch1/batch_1/100234_00001_0000.nii.gz,/data/PANORAMA/cvillaseca/panorama_labels/manual_labels/100234_00001.nii.gz
/data/PANORAMA/cvillaseca/panorama_batch1/batch_1/100403_00001_0000.nii.gz,/data/PANORAMA/cvillaseca/panorama_labels/manual_labels/100403_00001.nii.gz
/data/PANORAMA/cvillaseca/panorama_batch1/batch_1/100220_00001_0000.nii.gz,/data/PANORAMA/cvillaseca/panorama_labels/manual_labels/100220_00001.nii.gz
/data/PANORAMA/cvillaseca/panorama_batch1/batch_1/100387_00001_0000.nii.gz,/data/PANORAMA/cvillaseca/panorama_labels/automatic_labels/100387_00001.nii.gz
/data/PANORAMA/cvillaseca/panorama_batch1/batch_1/100521_00001_0000.nii.gz,/data/PANORAMA/cvillaseca/panorama_labels/automatic_labels/100521_00001.nii.gz
/data/PANORAMA/cvillaseca/panorama_batch1/batch_1/100359_00001_0000.nii.gz,/data/PANORAMA/cvillaseca/panorama_labels/automatic_labels/100359_00001.nii.gz
/data/PANORAMA/cvillaseca/panorama_batch1/batch_1/100047_00002_0000.nii.gz,/data/PANORAMA/cvillaseca/panorama_labels/automatic_labels/100047_00002.nii.gz
/data/PANORAMA/cvillaseca/panorama_batch1/batch_1/100099_00001_0000.nii.gz,/data/PANORAMA/cvillaseca/panorama_labels/automatic_labels/100099_00001.nii.gz
/data/PANORAMA/cvillaseca/panorama_batch1/batch_1/100176_00001_0000.nii.gz,/data/PANORAMA/cvillaseca/panorama_labels/manual_labels/100176_00001.nii.gz
/data/PANORAMA/cvillaseca/panorama_batch1/batch_1/100286_00001_0000.nii.gz,/data/PANORAMA/cvillaseca/panorama_labels/automatic_labels/100286_00001.nii.gz
/data/PANORAMA/cvillaseca/panorama_batch1/batch_1/100160_00001_0000.nii.gz,/data/PANORAMA/cvillaseca/panorama_labels/automatic_labels/100160_00001.nii.gz
/data/PANORAMA/cvillaseca/panorama_batch1/batch_1/100195_00001_0000.nii.gz,/data/PANORAMA/cvillaseca/panorama_labels/automatic_labels/100195_00001.nii.gz
/data/PANORAMA/cvillaseca/panorama_batch1/batch_1/100173_00001_0000.nii.gz,/data/PANORAMA/cvillaseca/panorama_labels/automatic_labels/100173_00001.nii.gz
/data/PANORAMA/cvillaseca/panorama_batch1/batch_1/100231_00001_0000.nii.gz,/data/PANORAMA/cvillaseca/panorama_labels/automatic_labels/100231_00001.nii.gz
/data/PANORAMA/cvillaseca/panorama_batch1/batch_1/100212_00001_0000.nii.gz,/data/PANORAMA/cvillaseca/panorama_labels/automatic_labels/100212_00001.nii.gz
/data/PANORAMA/cvillaseca/panorama_batch1/batch_1/100123_00001_0000.nii.gz,/data/PANORAMA/cvillaseca/panorama_labels/automatic_labels/100123_00001.nii.gz
/data/PANORAMA/cvillaseca/panorama_batch1/batch_1/100401_00001_0000.nii.gz,/data/PANORAMA/cvillaseca/panorama_labels/automatic_labels/100401_00001.nii.gz
/data/PANORAMA/cvillaseca/panorama_batch1/batch_1/100287_00001_0000.nii.gz,/data/PANORAMA/cvillaseca/panorama_labels/automatic_labels/100287_00001.nii.gz
/data/PANORAMA/cvillaseca/panorama_batch1/batch_1/100264_00001_0000.nii.gz,/data/PANORAMA/cvillaseca/panorama_labels/automatic_labels/100264_00001.nii.gz
/data/PANORAMA/cvillaseca/panorama_batch1/batch_1/100174_00001_0000.nii.gz,/data/PANORAMA/cvillaseca/panorama_labels/automatic_labels/100174_00001.nii.gz
/data/PANORAMA/cvillaseca/panorama_batch1/batch_1/100193_00001_0000.nii.gz,/data/PANORAMA/cvillaseca/panorama_labels/automatic_labels/100193_00001.nii.gz
/data/PANORAMA/cvillaseca/panorama_batch1/batch_1/100038_00001_0000.nii.gz,/data/PANORAMA/cvillaseca/panorama_labels/automatic_labels/100038_00001.nii.gz
/data/PANORAMA/cvillaseca/panorama_batch1/batch_1/100194_00001_0000.nii.gz,/data/PANORAMA/cvillaseca/panorama_labels/manual_labels/100194_00001.nii.gz
/data/PANORAMA/cvillaseca/panorama_batch1/batch_1/100510_00001_0000.nii.gz,/data/PANORAMA/cvillaseca/panorama_labels/automatic_labels/100510_00001.nii.gz
/data/PANORAMA/cvillaseca/panorama_batch1/batch_1/100456_00002_0000.nii.gz,/data/PANORAMA/cvillaseca/panorama_labels/automatic_labels/100456_00002.nii.gz
/data/PANORAMA/cvillaseca/panorama_batch1/batch_1/100113_00001_0000.nii.gz,/data/PANORAMA/cvillaseca/panorama_labels/manual_labels/100113_00001.nii.gz
/data/PANORAMA/cvillaseca/panorama_batch1/batch_1/100109_00001_0000.nii.gz,/data/PANORAMA/cvillaseca/panorama_labels/automatic_labels/100109_00001.nii.gz
/data/PANORAMA/cvillaseca/panorama_batch1/batch_1/100122_00001_0000.nii.gz,/data/PANORAMA/cvillaseca/panorama_labels/automatic_labels/100122_00001.nii.gz
/data/PANORAMA/cvillaseca/panorama_batch1/batch_1/100468_00001_0000.nii.gz,/data/PANORAMA/cvillaseca/panorama_labels/automatic_labels/100468_00001.nii.gz
/data/PANORAMA/cvillaseca/panorama_batch1/batch_1/100497_00001_0000.nii.gz,/data/PANORAMA/cvillaseca/panorama_labels/automatic_labels/100497_00001.nii.gz
/data/PANORAMA/cvillaseca/panorama_batch1/batch_1/100522_00001_0000.nii.gz,/data/PANORAMA/cvillaseca/panorama_labels/automatic_labels/100522_00001.nii.gz
/data/PANORAMA/cvillaseca/panorama_batch1/batch_1/100340_00001_0000.nii.gz,/data/PANORAMA/cvillaseca/panorama_labels/automatic_labels/100340_00001.nii.gz
/data/PANORAMA/cvillaseca/panorama_batch1/batch_1/100121_00001_0000.nii.gz,/data/PANORAMA/cvillaseca/panorama_labels/automatic_labels/100121_00001.nii.gz
/data/PANORAMA/cvillaseca/panorama_batch1/batch_1/100413_00001_0000.nii.gz,/data/PANORAMA/cvillaseca/panorama_labels/automatic_labels/100413_00001.nii.gz
/data/PANORAMA/cvillaseca/panorama_batch1/batch_1/100073_00001_0000.nii.gz,/data/PANORAMA/cvillaseca/panorama_labels/automatic_labels/100073_00001.nii.gz
/data/PANORAMA/cvillaseca/panorama_batch1/batch_1/100270_00001_0000.nii.gz,/data/PANORAMA/cvillaseca/panorama_labels/automatic_labels/100270_00001.nii.gz
/data/PANORAMA/cvillaseca/panorama_batch1/batch_1/100243_00001_0000.nii.gz,/data/PANORAMA/cvillaseca/panorama_labels/automatic_labels/100243_00001.nii.gz
/data/PANORAMA/cvillaseca/panorama_batch1/batch_1/100301_00001_0000.nii.gz,/data/PANORAMA/cvillaseca/panorama_labels/automatic_labels/100301_00001.nii.gz
/data/PANORAMA/cvillaseca/panorama_batch1/batch_1/100418_00001_0000.nii.gz,/data/PANORAMA/cvillaseca/panorama_labels/manual_labels/100418_00001.nii.gz
/data/PANORAMA/cvillaseca/panorama_batch1/batch_1/100207_00001_0000.nii.gz,/data/PANORAMA/cvillaseca/panorama_labels/automatic_labels/100207_00001.nii.gz
/data/PANORAMA/cvillaseca/panorama_batch1/batch_1/100022_00001_0000.nii.gz,/data/PANORAMA/cvillaseca/panorama_labels/automatic_labels/100022_00001.nii.gz
/data/PANORAMA/cvillaseca/panorama_batch1/batch_1/100484_00001_0000.nii.gz,/data/PANORAMA/cvillaseca/panorama_labels/automatic_labels/100484_00001.nii.gz
/data/PANORAMA/cvillaseca/panorama_batch1/batch_1/100202_00001_0000.nii.gz,/data/PANORAMA/cvillaseca/panorama_labels/automatic_labels/100202_00001.nii.gz
/data/PANORAMA/cvillaseca/panorama_batch1/batch_1/100528_00001_0000.nii.gz,/data/PANORAMA/cvillaseca/panorama_labels/automatic_labels/100528_00001.nii.gz
/data/PANORAMA/cvillaseca/panorama_batch1/batch_1/100047_00005_0000.nii.gz,/data/PANORAMA/cvillaseca/panorama_labels/automatic_labels/100047_00005.nii.gz
/data/PANORAMA/cvillaseca/panorama_batch1/batch_1/100168_00001_0000.nii.gz,/data/PANORAMA/cvillaseca/panorama_labels/manual_labels/100168_00001.nii.gz
/data/PANORAMA/cvillaseca/panorama_batch1/batch_1/100498_00001_0000.nii.gz,/data/PANORAMA/cvillaseca/panorama_labels/manual_labels/100498_00001.nii.gz
/data/PANORAMA/cvillaseca/panorama_batch1/batch_1/100289_00001_0000.nii.gz,/data/PANORAMA/cvillaseca/panorama_labels/automatic_labels/100289_00001.nii.gz
/data/PANORAMA/cvillaseca/panorama_batch1/batch_1/100272_00001_0000.nii.gz,/data/PANORAMA/cvillaseca/panorama_labels/automatic_labels/100272_00001.nii.gz
/data/PANORAMA/cvillaseca/panorama_batch1/batch_1/100033_00001_0000.nii.gz,/data/PANORAMA/cvillaseca/panorama_labels/automatic_labels/100033_00001.nii.gz
/data/PANORAMA/cvillaseca/panorama_batch1/batch_1/100420_00001_0000.nii.gz,/data/PANORAMA/cvillaseca/panorama_labels/automatic_labels/100420_00001.nii.gz
/data/PANORAMA/cvillaseca/panorama_batch1/batch_1/100259_00001_0000.nii.gz,/data/PANORAMA/cvillaseca/panorama_labels/manual_labels/100259_00001.nii.gz
/data/PANORAMA/cvillaseca/panorama_batch1/batch_1/100520_00001_0000.nii.gz,/data/PANORAMA/cvillaseca/panorama_labels/automatic_labels/100520_00001.nii.gz
/data/PANORAMA/cvillaseca/panorama_batch1/batch_1/100480_00001_0000.nii.gz,/data/PANORAMA/cvillaseca/panorama_labels/automatic_labels/100480_00001.nii.gz
/data/PANORAMA/cvillaseca/panorama_batch1/batch_1/100002_00001_0000.nii.gz,/data/PANORAMA/cvillaseca/panorama_labels/manual_labels/100002_00001.nii.gz
/data/PANORAMA/cvillaseca/panorama_batch1/batch_1/100006_00001_0000.nii.gz,/data/PANORAMA/cvillaseca/panorama_labels/automatic_labels/100006_00001.nii.gz
/data/PANORAMA/cvillaseca/panorama_batch1/batch_1/100434_00001_0000.nii.gz,/data/PANORAMA/cvillaseca/panorama_labels/automatic_labels/100434_00001.nii.gz
/data/PANORAMA/cvillaseca/panorama_batch1/batch_1/100201_00001_0000.nii.gz,/data/PANORAMA/cvillaseca/panorama_labels/automatic_labels/100201_00001.nii.gz
/data/PANORAMA/cvillaseca/panorama_batch1/batch_1/100378_00001_0000.nii.gz,/data/PANORAMA/cvillaseca/panorama_labels/automatic_labels/100378_00001.nii.gz
/data/PANORAMA/cvillaseca/panorama_batch1/batch_1/100254_00001_0000.nii.gz,/data/PANORAMA/cvillaseca/panorama_labels/automatic_labels/100254_00001.nii.gz
/data/PANORAMA/cvillaseca/panorama_batch1/batch_1/100208_00001_0000.nii.gz,/data/PANORAMA/cvillaseca/panorama_labels/manual_labels/100208_00001.nii.gz
/data/PANORAMA/cvillaseca/panorama_batch1/batch_1/100240_00001_0000.nii.gz,/data/PANORAMA/cvillaseca/panorama_labels/automatic_labels/100240_00001.nii.gz
/data/PANORAMA/cvillaseca/panorama_batch1/batch_1/100034_00001_0000.nii.gz,/data/PANORAMA/cvillaseca/panorama_labels/manual_labels/100034_00001.nii.gz
/data/PANORAMA/cvillaseca/panorama_batch1/batch_1/100238_00001_0000.nii.gz,/data/PANORAMA/cvillaseca/panorama_labels/automatic_labels/100238_00001.nii.gz
/data/PANORAMA/cvillaseca/panorama_batch1/batch_1/100407_00001_0000.nii.gz,/data/PANORAMA/cvillaseca/panorama_labels/automatic_labels/100407_00001.nii.gz
/data/PANORAMA/cvillaseca/panorama_batch1/batch_1/100134_00001_0000.nii.gz,/data/PANORAMA/cvillaseca/panorama_labels/manual_labels/100134_00001.nii.gz
/data/PANORAMA/cvillaseca/panorama_batch1/batch_1/100018_00001_0000.nii.gz,/data/PANORAMA/cvillaseca/panorama_labels/automatic_labels/100018_00001.nii.gz
/data/PANORAMA/cvillaseca/panorama_batch1/batch_1/100350_00001_0000.nii.gz,/data/PANORAMA/cvillaseca/panorama_labels/automatic_labels/100350_00001.nii.gz
/data/PANORAMA/cvillaseca/panorama_batch1/batch_1/100268_00001_0000.nii.gz,/data/PANORAMA/cvillaseca/panorama_labels/automatic_labels/100268_00001.nii.gz
/data/PANORAMA/cvillaseca/panorama_batch1/batch_1/100371_00001_0000.nii.gz,/data/PANORAMA/cvillaseca/panorama_labels/automatic_labels/100371_00001.nii.gz
/data/PANORAMA/cvillaseca/panorama_batch1/batch_1/100078_00001_0000.nii.gz,/data/PANORAMA/cvillaseca/panorama_labels/automatic_labels/100078_00001.nii.gz
/data/PANORAMA/cvillaseca/panorama_batch1/batch_1/100262_00001_0000.nii.gz,/data/PANORAMA/cvillaseca/panorama_labels/automatic_labels/100262_00001.nii.gz
/data/PANORAMA/cvillaseca/panorama_batch1/batch_1/100046_00001_0000.nii.gz,/data/PANORAMA/cvillaseca/panorama_labels/automatic_labels/100046_00001.nii.gz
/data/PANORAMA/cvillaseca/panorama_batch1/batch_1/100239_00001_0000.nii.gz,/data/PANORAMA/cvillaseca/panorama_labels/automatic_labels/100239_00001.nii.gz
/data/PANORAMA/cvillaseca/panorama_batch1/batch_1/100181_00001_0000.nii.gz,/data/PANORAMA/cvillaseca/panorama_labels/automatic_labels/100181_00001.nii.gz
/data/PANORAMA/cvillaseca/panorama_batch1/batch_1/100251_00001_0000.nii.gz,/data/PANORAMA/cvillaseca/panorama_labels/automatic_labels/100251_00001.nii.gz
/data/PANORAMA/cvillaseca/panorama_batch1/batch_1/100312_00001_0000.nii.gz,/data/PANORAMA/cvillaseca/panorama_labels/manual_labels/100312_00001.nii.gz
/data/PANORAMA/cvillaseca/panorama_batch1/batch_1/100534_00001_0000.nii.gz,/data/PANORAMA/cvillaseca/panorama_labels/automatic_labels/100534_00001.nii.gz
/data/PANORAMA/cvillaseca/panorama_batch1/batch_1/100137_00001_0000.nii.gz,/data/PANORAMA/cvillaseca/panorama_labels/automatic_labels/100137_00001.nii.gz
/data/PANORAMA/cvillaseca/panorama_batch1/batch_1/100153_00001_0000.nii.gz,/data/PANORAMA/cvillaseca/panorama_labels/manual_labels/100153_00001.nii.gz
/data/PANORAMA/cvillaseca/panorama_batch1/batch_1/100058_00001_0000.nii.gz,/data/PANORAMA/cvillaseca/panorama_labels/manual_labels/100058_00001.nii.gz
/data/PANORAMA/cvillaseca/panorama_batch1/batch_1/100047_00001_0000.nii.gz,/data/PANORAMA/cvillaseca/panorama_labels/automatic_labels/100047_00001.nii.gz
/data/PANORAMA/cvillaseca/panorama_batch1/batch_1/100196_00001_0000.nii.gz,/data/PANORAMA/cvillaseca/panorama_labels/automatic_labels/100196_00001.nii.gz
/data/PANORAMA/cvillaseca/panorama_batch1/batch_1/100229_00001_0000.nii.gz,/data/PANORAMA/cvillaseca/panorama_labels/automatic_labels/100229_00001.nii.gz
/data/PANORAMA/cvillaseca/panorama_batch1/batch_1/100282_00001_0000.nii.gz,/data/PANORAMA/cvillaseca/panorama_labels/automatic_labels/100282_00001.nii.gz
/data/PANORAMA/cvillaseca/panorama_batch1/batch_1/100266_00001_0000.nii.gz,/data/PANORAMA/cvillaseca/panorama_labels/automatic_labels/100266_00001.nii.gz
/data/PANORAMA/cvillaseca/panorama_batch1/batch_1/100386_00001_0000.nii.gz,/data/PANORAMA/cvillaseca/panorama_labels/automatic_labels/100386_00001.nii.gz
/data/PANORAMA/cvillaseca/panorama_batch1/batch_1/100090_00001_0000.nii.gz,/data/PANORAMA/cvillaseca/panorama_labels/automatic_labels/100090_00001.nii.gz
/data/PANORAMA/cvillaseca/panorama_batch1/batch_1/100144_00001_0000.nii.gz,/data/PANORAMA/cvillaseca/panorama_labels/manual_labels/100144_00001.nii.gz
/data/PANORAMA/cvillaseca/panorama_batch1/batch_1/100423_00001_0000.nii.gz,/data/PANORAMA/cvillaseca/panorama_labels/automatic_labels/100423_00001.nii.gz
/data/PANORAMA/cvillaseca/panorama_batch1/batch_1/100016_00001_0000.nii.gz,/data/PANORAMA/cvillaseca/panorama_labels/automatic_labels/100016_00001.nii.gz
/data/PANORAMA/cvillaseca/panorama_batch1/batch_1/100044_00001_0000.nii.gz,/data/PANORAMA/cvillaseca/panorama_labels/automatic_labels/100044_00001.nii.gz
/data/PANORAMA/cvillaseca/panorama_batch1/batch_1/100488_00001_0000.nii.gz,/data/PANORAMA/cvillaseca/panorama_labels/automatic_labels/100488_00001.nii.gz
/data/PANORAMA/cvillaseca/panorama_batch1/batch_1/100232_00001_0000.nii.gz,/data/PANORAMA/cvillaseca/panorama_labels/automatic_labels/100232_00001.nii.gz
/data/PANORAMA/cvillaseca/panorama_batch1/batch_1/100431_00001_0000.nii.gz,/data/PANORAMA/cvillaseca/panorama_labels/manual_labels/100431_00001.nii.gz
/data/PANORAMA/cvillaseca/panorama_batch1/batch_1/100198_00001_0000.nii.gz,/data/PANORAMA/cvillaseca/panorama_labels/automatic_labels/100198_00001.nii.gz
/data/PANORAMA/cvillaseca/panorama_batch1/batch_1/100452_00001_0000.nii.gz,/data/PANORAMA/cvillaseca/panorama_labels/automatic_labels/100452_00001.nii.gz
/data/PANORAMA/cvillaseca/panorama_batch1/batch_1/100060_00001_0000.nii.gz,/data/PANORAMA/cvillaseca/panorama_labels/manual_labels/100060_00001.nii.gz
/data/PANORAMA/cvillaseca/panorama_batch1/batch_1/100003_00001_0000.nii.gz,/data/PANORAMA/cvillaseca/panorama_labels/automatic_labels/100003_00001.nii.gz
/data/PANORAMA/cvillaseca/panorama_batch1/batch_1/100474_00001_0000.nii.gz,/data/PANORAMA/cvillaseca/panorama_labels/automatic_labels/100474_00001.nii.gz
/data/PANORAMA/cvillaseca/panorama_batch1/batch_1/100066_00001_0000.nii.gz,/data/PANORAMA/cvillaseca/panorama_labels/automatic_labels/100066_00001.nii.gz
/data/PANORAMA/cvillaseca/panorama_batch1/batch_1/100416_00001_0000.nii.gz,/data/PANORAMA/cvillaseca/panorama_labels/manual_labels/100416_00001.nii.gz
/data/PANORAMA/cvillaseca/panorama_batch1/batch_1/100324_00001_0000.nii.gz,/data/PANORAMA/cvillaseca/panorama_labels/manual_labels/100324_00001.nii.gz
/data/PANORAMA/cvillaseca/panorama_batch1/batch_1/100106_00001_0000.nii.gz,/data/PANORAMA/cvillaseca/panorama_labels/automatic_labels/100106_00001.nii.gz
/data/PANORAMA/cvillaseca/panorama_batch1/batch_1/100111_00001_0000.nii.gz,/data/PANORAMA/cvillaseca/panorama_labels/automatic_labels/100111_00001.nii.gz
/data/PANORAMA/cvillaseca/panorama_batch1/batch_1/100295_00001_0000.nii.gz,/data/PANORAMA/cvillaseca/panorama_labels/manual_labels/100295_00001.nii.gz
/data/PANORAMA/cvillaseca/panorama_batch1/batch_1/100338_00001_0000.nii.gz,/data/PANORAMA/cvillaseca/panorama_labels/automatic_labels/100338_00001.nii.gz
/data/PANORAMA/cvillaseca/panorama_batch1/batch_1/100467_00001_0000.nii.gz,/data/PANORAMA/cvillaseca/panorama_labels/automatic_labels/100467_00001.nii.gz
/data/PANORAMA/cvillaseca/panorama_batch1/batch_1/100248_00001_0000.nii.gz,/data/PANORAMA/cvillaseca/panorama_labels/automatic_labels/100248_00001.nii.gz
/data/PANORAMA/cvillaseca/panorama_batch1/batch_1/100101_00001_0000.nii.gz,/data/PANORAMA/cvillaseca/panorama_labels/manual_labels/100101_00001.nii.gz
/data/PANORAMA/cvillaseca/panorama_batch1/batch_1/100435_00001_0000.nii.gz,/data/PANORAMA/cvillaseca/panorama_labels/manual_labels/100435_00001.nii.gz
/data/PANORAMA/cvillaseca/panorama_batch1/batch_1/100385_00001_0000.nii.gz,/data/PANORAMA/cvillaseca/panorama_labels/manual_labels/100385_00001.nii.gz
/data/PANORAMA/cvillaseca/panorama_batch1/batch_1/100540_00001_0000.nii.gz,/data/PANORAMA/cvillaseca/panorama_labels/automatic_labels/100540_00001.nii.gz
/data/PANORAMA/cvillaseca/panorama_batch1/batch_1/100157_00001_0000.nii.gz,/data/PANORAMA/cvillaseca/panorama_labels/automatic_labels/100157_00001.nii.gz
/data/PANORAMA/cvillaseca/panorama_batch1/batch_1/100244_00001_0000.nii.gz,/data/PANORAMA/cvillaseca/panorama_labels/manual_labels/100244_00001.nii.gz
/data/PANORAMA/cvillaseca/panorama_batch1/batch_1/100377_00001_0000.nii.gz,/data/PANORAMA/cvillaseca/panorama_labels/automatic_labels/100377_00001.nii.gz
/data/PANORAMA/cvillaseca/panorama_batch1/batch_1/100326_00001_0000.nii.gz,/data/PANORAMA/cvillaseca/panorama_labels/automatic_labels/100326_00001.nii.gz
/data/PANORAMA/cvillaseca/panorama_batch1/batch_1/100525_00001_0000.nii.gz,/data/PANORAMA/cvillaseca/panorama_labels/automatic_labels/100525_00001.nii.gz
/data/PANORAMA/cvillaseca/panorama_batch1/batch_1/100331_00001_0000.nii.gz,/data/PANORAMA/cvillaseca/panorama_labels/automatic_labels/100331_00001.nii.gz
/data/PANORAMA/cvillaseca/panorama_batch1/batch_1/100130_00001_0000.nii.gz,/data/PANORAMA/cvillaseca/panorama_labels/manual_labels/100130_00001.nii.gz
/data/PANORAMA/cvillaseca/panorama_batch1/batch_1/100530_00001_0000.nii.gz,/data/PANORAMA/cvillaseca/panorama_labels/manual_labels/100530_00001.nii.gz
/data/PANORAMA/cvillaseca/panorama_batch1/batch_1/100001_00001_0000.nii.gz,/data/PANORAMA/cvillaseca/panorama_labels/automatic_labels/100001_00001.nii.gz
/data/PANORAMA/cvillaseca/panorama_batch1/batch_1/100107_00001_0000.nii.gz,/data/PANORAMA/cvillaseca/panorama_labels/manual_labels/100107_00001.nii.gz
/data/PANORAMA/cvillaseca/panorama_batch1/batch_1/100372_00001_0000.nii.gz,/data/PANORAMA/cvillaseca/panorama_labels/automatic_labels/100372_00001.nii.gz
/data/PANORAMA/cvillaseca/panorama_batch1/batch_1/100319_00001_0000.nii.gz,/data/PANORAMA/cvillaseca/panorama_labels/automatic_labels/100319_00001.nii.gz
/data/PANORAMA/cvillaseca/panorama_batch1/batch_1/100300_00001_0000.nii.gz,/data/PANORAMA/cvillaseca/panorama_labels/automatic_labels/100300_00001.nii.gz
/data/PANORAMA/cvillaseca/panorama_batch1/batch_1/100169_00001_0000.nii.gz,/data/PANORAMA/cvillaseca/panorama_labels/automatic_labels/100169_00001.nii.gz
/data/PANORAMA/cvillaseca/panorama_batch1/batch_1/100427_00001_0000.nii.gz,/data/PANORAMA/cvillaseca/panorama_labels/manual_labels/100427_00001.nii.gz
/data/PANORAMA/cvillaseca/panorama_batch1/batch_1/100288_00001_0000.nii.gz,/data/PANORAMA/cvillaseca/panorama_labels/automatic_labels/100288_00001.nii.gz
/data/PANORAMA/cvillaseca/panorama_batch1/batch_1/100162_00001_0000.nii.gz,/data/PANORAMA/cvillaseca/panorama_labels/manual_labels/100162_00001.nii.gz
/data/PANORAMA/cvillaseca/panorama_batch1/batch_1/100283_00001_0000.nii.gz,/data/PANORAMA/cvillaseca/panorama_labels/automatic_labels/100283_00001.nii.gz
/data/PANORAMA/cvillaseca/panorama_batch1/batch_1/100180_00001_0000.nii.gz,/data/PANORAMA/cvillaseca/panorama_labels/automatic_labels/100180_00001.nii.gz
/data/PANORAMA/cvillaseca/panorama_batch1/batch_1/100479_00001_0000.nii.gz,/data/PANORAMA/cvillaseca/panorama_labels/manual_labels/100479_00001.nii.gz
/data/PANORAMA/cvillaseca/panorama_batch1/batch_1/100508_00001_0000.nii.gz,/data/PANORAMA/cvillaseca/panorama_labels/manual_labels/100508_00001.nii.gz
/data/PANORAMA/cvillaseca/panorama_batch1/batch_1/100139_00001_0000.nii.gz,/data/PANORAMA/cvillaseca/panorama_labels/automatic_labels/100139_00001.nii.gz
/data/PANORAMA/cvillaseca/panorama_batch1/batch_1/100097_00001_0000.nii.gz,/data/PANORAMA/cvillaseca/panorama_labels/automatic_labels/100097_00001.nii.gz
/data/PANORAMA/cvillaseca/panorama_batch1/batch_1/100400_00001_0000.nii.gz,/data/PANORAMA/cvillaseca/panorama_labels/automatic_labels/100400_00001.nii.gz
/data/PANORAMA/cvillaseca/panorama_batch1/batch_1/100499_00001_0000.nii.gz,/data/PANORAMA/cvillaseca/panorama_labels/automatic_labels/100499_00001.nii.gz
/data/PANORAMA/cvillaseca/panorama_batch1/batch_1/100069_00001_0000.nii.gz,/data/PANORAMA/cvillaseca/panorama_labels/automatic_labels/100069_00001.nii.gz
/data/PANORAMA/cvillaseca/panorama_batch1/batch_1/100265_00002_0000.nii.gz,/data/PANORAMA/cvillaseca/panorama_labels/automatic_labels/100265_00002.nii.gz
/data/PANORAMA/cvillaseca/panorama_batch1/batch_1/100027_00001_0000.nii.gz,/data/PANORAMA/cvillaseca/panorama_labels/automatic_labels/100027_00001.nii.gz
/data/PANORAMA/cvillaseca/panorama_batch1/batch_1/100348_00001_0000.nii.gz,/data/PANORAMA/cvillaseca/panorama_labels/automatic_labels/100348_00001.nii.gz
/data/PANORAMA/cvillaseca/panorama_batch1/batch_1/100506_00001_0000.nii.gz,/data/PANORAMA/cvillaseca/panorama_labels/manual_labels/100506_00001.nii.gz
/data/PANORAMA/cvillaseca/panorama_batch1/batch_1/100278_00001_0000.nii.gz,/data/PANORAMA/cvillaseca/panorama_labels/manual_labels/100278_00001.nii.gz
/data/PANORAMA/cvillaseca/panorama_batch1/batch_1/100093_00001_0000.nii.gz,/data/PANORAMA/cvillaseca/panorama_labels/manual_labels/100093_00001.nii.gz
/data/PANORAMA/cvillaseca/panorama_batch1/batch_1/100094_00001_0000.nii.gz,/data/PANORAMA/cvillaseca/panorama_labels/automatic_labels/100094_00001.nii.gz
/data/PANORAMA/cvillaseca/panorama_batch1/batch_1/100523_00001_0000.nii.gz,/data/PANORAMA/cvillaseca/panorama_labels/automatic_labels/100523_00001.nii.gz
/data/PANORAMA/cvillaseca/panorama_batch1/batch_1/100311_00001_0000.nii.gz,/data/PANORAMA/cvillaseca/panorama_labels/automatic_labels/100311_00001.nii.gz
/data/PANORAMA/cvillaseca/panorama_batch1/batch_1/100320_00001_0000.nii.gz,/data/PANORAMA/cvillaseca/panorama_labels/automatic_labels/100320_00001.nii.gz
/data/PANORAMA/cvillaseca/panorama_batch1/batch_1/100092_00001_0000.nii.gz,/data/PANORAMA/cvillaseca/panorama_labels/automatic_labels/100092_00001.nii.gz
/data/PANORAMA/cvillaseca/panorama_batch1/batch_1/100317_00001_0000.nii.gz,/data/PANORAMA/cvillaseca/panorama_labels/automatic_labels/100317_00001.nii.gz
/data/PANORAMA/cvillaseca/panorama_batch1/batch_1/100000_00001_0000.nii.gz,/data/PANORAMA/cvillaseca/panorama_labels/automatic_labels/100000_00001.nii.gz
/data/PANORAMA/cvillaseca/panorama_batch1/batch_1/100115_00001_0000.nii.gz,/data/PANORAMA/cvillaseca/panorama_labels/automatic_labels/100115_00001.nii.gz
/data/PANORAMA/cvillaseca/panorama_batch1/batch_1/100147_00001_0000.nii.gz,/data/PANORAMA/cvillaseca/panorama_labels/automatic_labels/100147_00001.nii.gz
/data/PANORAMA/cvillaseca/panorama_batch1/batch_1/100275_00001_0000.nii.gz,/data/PANORAMA/cvillaseca/panorama_labels/manual_labels/100275_00001.nii.gz
/data/PANORAMA/cvillaseca/panorama_batch1/batch_1/100375_00001_0000.nii.gz,/data/PANORAMA/cvillaseca/panorama_labels/automatic_labels/100375_00001.nii.gz
/data/PANORAMA/cvillaseca/panorama_batch1/batch_1/100032_00001_0000.nii.gz,/data/PANORAMA/cvillaseca/panorama_labels/automatic_labels/100032_00001.nii.gz
/data/PANORAMA/cvillaseca/panorama_batch1/batch_1/100442_00001_0000.nii.gz,/data/PANORAMA/cvillaseca/panorama_labels/automatic_labels/100442_00001.nii.gz
/data/PANORAMA/cvillaseca/panorama_batch1/batch_1/100535_00001_0000.nii.gz,/data/PANORAMA/cvillaseca/panorama_labels/automatic_labels/100535_00001.nii.gz
/data/PANORAMA/cvillaseca/panorama_batch1/batch_1/100197_00001_0000.nii.gz,/data/PANORAMA/cvillaseca/panorama_labels/automatic_labels/100197_00001.nii.gz
/data/PANORAMA/cvillaseca/panorama_batch1/batch_1/100191_00001_0000.nii.gz,/data/PANORAMA/cvillaseca/panorama_labels/automatic_labels/100191_00001.nii.gz
/data/PANORAMA/cvillaseca/panorama_batch1/batch_1/100179_00001_0000.nii.gz,/data/PANORAMA/cvillaseca/panorama_labels/automatic_labels/100179_00001.nii.gz
/data/PANORAMA/cvillaseca/panorama_batch1/batch_1/100495_00001_0000.nii.gz,/data/PANORAMA/cvillaseca/panorama_labels/automatic_labels/100495_00001.nii.gz
/data/PANORAMA/cvillaseca/panorama_batch1/batch_1/100419_00001_0000.nii.gz,/data/PANORAMA/cvillaseca/panorama_labels/manual_labels/100419_00001.nii.gz
/data/PANORAMA/cvillaseca/panorama_batch1/batch_1/100150_00001_0000.nii.gz,/data/PANORAMA/cvillaseca/panorama_labels/automatic_labels/100150_00001.nii.gz
/data/PANORAMA/cvillaseca/panorama_batch1/batch_1/100184_00001_0000.nii.gz,/data/PANORAMA/cvillaseca/panorama_labels/automatic_labels/100184_00001.nii.gz
/data/PANORAMA/cvillaseca/panorama_batch1/batch_1/100116_00001_0000.nii.gz,/data/PANORAMA/cvillaseca/panorama_labels/manual_labels/100116_00001.nii.gz
/data/PANORAMA/cvillaseca/panorama_batch1/batch_1/100110_00001_0000.nii.gz,/data/PANORAMA/cvillaseca/panorama_labels/manual_labels/100110_00001.nii.gz
/data/PANORAMA/cvillaseca/panorama_batch1/batch_1/100445_00001_0000.nii.gz,/data/PANORAMA/cvillaseca/panorama_labels/automatic_labels/100445_00001.nii.gz
/data/PANORAMA/cvillaseca/panorama_batch1/batch_1/100298_00001_0000.nii.gz,/data/PANORAMA/cvillaseca/panorama_labels/automatic_labels/100298_00001.nii.gz
/data/PANORAMA/cvillaseca/panorama_batch1/batch_1/100368_00001_0000.nii.gz,/data/PANORAMA/cvillaseca/panorama_labels/manual_labels/100368_00001.nii.gz
/data/PANORAMA/cvillaseca/panorama_batch1/batch_1/100192_00001_0000.nii.gz,/data/PANORAMA/cvillaseca/panorama_labels/automatic_labels/100192_00001.nii.gz
/data/PANORAMA/cvillaseca/panorama_batch1/batch_1/100249_00001_0000.nii.gz,/data/PANORAMA/cvillaseca/panorama_labels/automatic_labels/100249_00001.nii.gz
/data/PANORAMA/cvillaseca/panorama_batch1/batch_1/100365_00001_0000.nii.gz,/data/PANORAMA/cvillaseca/panorama_labels/automatic_labels/100365_00001.nii.gz
/data/PANORAMA/cvillaseca/panorama_batch1/batch_1/100084_00001_0000.nii.gz,/data/PANORAMA/cvillaseca/panorama_labels/automatic_labels/100084_00001.nii.gz
/data/PANORAMA/cvillaseca/panorama_batch1/batch_1/100291_00001_0000.nii.gz,/data/PANORAMA/cvillaseca/panorama_labels/automatic_labels/100291_00001.nii.gz
/data/PANORAMA/cvillaseca/panorama_batch1/batch_1/100211_00001_0000.nii.gz,/data/PANORAMA/cvillaseca/panorama_labels/automatic_labels/100211_00001.nii.gz
/data/PANORAMA/cvillaseca/panorama_batch1/batch_1/100367_00001_0000.nii.gz,/data/PANORAMA/cvillaseca/panorama_labels/automatic_labels/100367_00001.nii.gz
/data/PANORAMA/cvillaseca/panorama_batch1/batch_1/100362_00001_0000.nii.gz,/data/PANORAMA/cvillaseca/panorama_labels/automatic_labels/100362_00001.nii.gz
/data/PANORAMA/cvillaseca/panorama_batch1/batch_1/100424_00001_0000.nii.gz,/data/PANORAMA/cvillaseca/panorama_labels/manual_labels/100424_00001.nii.gz
/data/PANORAMA/cvillaseca/panorama_batch1/batch_1/100485_00001_0000.nii.gz,/data/PANORAMA/cvillaseca/panorama_labels/automatic_labels/100485_00001.nii.gz
/data/PANORAMA/cvillaseca/panorama_batch1/batch_1/100273_00001_0000.nii.gz,/data/PANORAMA/cvillaseca/panorama_labels/automatic_labels/100273_00001.nii.gz
/data/PANORAMA/cvillaseca/panorama_batch1/batch_1/100455_00002_0000.nii.gz,/data/PANORAMA/cvillaseca/panorama_labels/automatic_labels/100455_00002.nii.gz
/data/PANORAMA/cvillaseca/panorama_batch1/batch_1/100473_00001_0000.nii.gz,/data/PANORAMA/cvillaseca/panorama_labels/automatic_labels/100473_00001.nii.gz
/data/PANORAMA/cvillaseca/panorama_batch1/batch_1/100309_00001_0000.nii.gz,/data/PANORAMA/cvillaseca/panorama_labels/automatic_labels/100309_00001.nii.gz
/data/PANORAMA/cvillaseca/panorama_batch1/batch_1/100292_00001_0000.nii.gz,/data/PANORAMA/cvillaseca/panorama_labels/automatic_labels/100292_00001.nii.gz
/data/PANORAMA/cvillaseca/panorama_batch1/batch_1/100204_00001_0000.nii.gz,/data/PANORAMA/cvillaseca/panorama_labels/manual_labels/100204_00001.nii.gz
/data/PANORAMA/cvillaseca/panorama_batch1/batch_1/100128_00001_0000.nii.gz,/data/PANORAMA/cvillaseca/panorama_labels/automatic_labels/100128_00001.nii.gz
/data/PANORAMA/cvillaseca/panorama_batch1/batch_1/100158_00001_0000.nii.gz,/data/PANORAMA/cvillaseca/panorama_labels/automatic_labels/100158_00001.nii.gz
/data/PANORAMA/cvillaseca/panorama_batch1/batch_1/100421_00001_0000.nii.gz,/data/PANORAMA/cvillaseca/panorama_labels/automatic_labels/100421_00001.nii.gz
/data/PANORAMA/cvillaseca/panorama_batch1/batch_1/100330_00001_0000.nii.gz,/data/PANORAMA/cvillaseca/panorama_labels/automatic_labels/100330_00001.nii.gz
/data/PANORAMA/cvillaseca/panorama_batch1/batch_1/100186_00001_0000.nii.gz,/data/PANORAMA/cvillaseca/panorama_labels/automatic_labels/100186_00001.nii.gz
/data/PANORAMA/cvillaseca/panorama_batch1/batch_1/100025_00001_0000.nii.gz,/data/PANORAMA/cvillaseca/panorama_labels/automatic_labels/100025_00001.nii.gz
/data/PANORAMA/cvillaseca/panorama_batch1/batch_1/100167_00001_0000.nii.gz,/data/PANORAMA/cvillaseca/panorama_labels/manual_labels/100167_00001.nii.gz
/data/PANORAMA/cvillaseca/panorama_batch1/batch_1/100430_00001_0000.nii.gz,/data/PANORAMA/cvillaseca/panorama_labels/manual_labels/100430_00001.nii.gz
/data/PANORAMA/cvillaseca/panorama_batch1/batch_1/100126_00001_0000.nii.gz,/data/PANORAMA/cvillaseca/panorama_labels/automatic_labels/100126_00001.nii.gz
/data/PANORAMA/cvillaseca/panorama_batch1/batch_1/100532_00001_0000.nii.gz,/data/PANORAMA/cvillaseca/panorama_labels/automatic_labels/100532_00001.nii.gz
/data/PANORAMA/cvillaseca/panorama_batch1/batch_1/100426_00001_0000.nii.gz,/data/PANORAMA/cvillaseca/panorama_labels/automatic_labels/100426_00001.nii.gz
/data/PANORAMA/cvillaseca/panorama_batch1/batch_1/100237_00001_0000.nii.gz,/data/PANORAMA/cvillaseca/panorama_labels/automatic_labels/100237_00001.nii.gz
/data/PANORAMA/cvillaseca/panorama_batch1/batch_1/100246_00001_0000.nii.gz,/data/PANORAMA/cvillaseca/panorama_labels/manual_labels/100246_00001.nii.gz
/data/PANORAMA/cvillaseca/panorama_batch1/batch_1/100494_00001_0000.nii.gz,/data/PANORAMA/cvillaseca/panorama_labels/automatic_labels/100494_00001.nii.gz
/data/PANORAMA/cvillaseca/panorama_batch1/batch_1/100325_00001_0000.nii.gz,/data/PANORAMA/cvillaseca/panorama_labels/automatic_labels/100325_00001.nii.gz
/data/PANORAMA/cvillaseca/panorama_batch1/batch_1/100416_00002_0000.nii.gz,/data/PANORAMA/cvillaseca/panorama_labels/manual_labels/100416_00002.nii.gz
/data/PANORAMA/cvillaseca/panorama_batch1/batch_1/100460_00001_0000.nii.gz,/data/PANORAMA/cvillaseca/panorama_labels/automatic_labels/100460_00001.nii.gz
/data/PANORAMA/cvillaseca/panorama_batch1/batch_1/100067_00001_0000.nii.gz,/data/PANORAMA/cvillaseca/panorama_labels/automatic_labels/100067_00001.nii.gz
/data/PANORAMA/cvillaseca/panorama_batch1/batch_1/100405_00001_0000.nii.gz,/data/PANORAMA/cvillaseca/panorama_labels/manual_labels/100405_00001.nii.gz
/data/PANORAMA/cvillaseca/panorama_batch1/batch_1/100056_00001_0000.nii.gz,/data/PANORAMA/cvillaseca/panorama_labels/manual_labels/100056_00001.nii.gz
/data/PANORAMA/cvillaseca/panorama_batch1/batch_1/100213_00001_0000.nii.gz,/data/PANORAMA/cvillaseca/panorama_labels/automatic_labels/100213_00001.nii.gz
/data/PANORAMA/cvillaseca/panorama_batch1/batch_1/100531_00001_0000.nii.gz,/data/PANORAMA/cvillaseca/panorama_labels/automatic_labels/100531_00001.nii.gz
/data/PANORAMA/cvillaseca/panorama_batch1/batch_1/100332_00001_0000.nii.gz,/data/PANORAMA/cvillaseca/panorama_labels/automatic_labels/100332_00001.nii.gz
/data/PANORAMA/cvillaseca/panorama_batch1/batch_1/100095_00001_0000.nii.gz,/data/PANORAMA/cvillaseca/panorama_labels/automatic_labels/100095_00001.nii.gz
/data/PANORAMA/cvillaseca/panorama_batch1/batch_1/100166_00001_0000.nii.gz,/data/PANORAMA/cvillaseca/panorama_labels/manual_labels/100166_00001.nii.gz
/data/PANORAMA/cvillaseca/panorama_batch1/batch_1/100081_00001_0000.nii.gz,/data/PANORAMA/cvillaseca/panorama_labels/automatic_labels/100081_00001.nii.gz
/data/PANORAMA/cvillaseca/panorama_batch1/batch_1/100440_00001_0000.nii.gz,/data/PANORAMA/cvillaseca/panorama_labels/manual_labels/100440_00001.nii.gz
/data/PANORAMA/cvillaseca/panorama_batch1/batch_1/100302_00001_0000.nii.gz,/data/PANORAMA/cvillaseca/panorama_labels/automatic_labels/100302_00001.nii.gz
/data/PANORAMA/cvillaseca/panorama_batch1/batch_1/100102_00001_0000.nii.gz,/data/PANORAMA/cvillaseca/panorama_labels/manual_labels/100102_00001.nii.gz
/data/PANORAMA/cvillaseca/panorama_batch1/batch_1/100293_00001_0000.nii.gz,/data/PANORAMA/cvillaseca/panorama_labels/automatic_labels/100293_00001.nii.gz
/data/PANORAMA/cvillaseca/panorama_batch1/batch_1/100257_00001_0000.nii.gz,/data/PANORAMA/cvillaseca/panorama_labels/automatic_labels/100257_00001.nii.gz
/data/PANORAMA/cvillaseca/panorama_batch1/batch_1/100074_00001_0000.nii.gz,/data/PANORAMA/cvillaseca/panorama_labels/manual_labels/100074_00001.nii.gz
/data/PANORAMA/cvillaseca/panorama_batch1/batch_1/100133_00001_0000.nii.gz,/data/PANORAMA/cvillaseca/panorama_labels/automatic_labels/100133_00001.nii.gz
/data/PANORAMA/cvillaseca/panorama_batch1/batch_1/100008_00001_0000.nii.gz,/data/PANORAMA/cvillaseca/panorama_labels/automatic_labels/100008_00001.nii.gz
/data/PANORAMA/cvillaseca/panorama_batch1/batch_1/100313_00001_0000.nii.gz,/data/PANORAMA/cvillaseca/panorama_labels/automatic_labels/100313_00001.nii.gz
/data/PANORAMA/cvillaseca/panorama_batch1/batch_1/100068_00001_0000.nii.gz,/data/PANORAMA/cvillaseca/panorama_labels/automatic_labels/100068_00001.nii.gz
/data/PANORAMA/cvillaseca/panorama_batch1/batch_1/100397_00001_0000.nii.gz,/data/PANORAMA/cvillaseca/panorama_labels/manual_labels/100397_00001.nii.gz
/data/PANORAMA/cvillaseca/panorama_batch1/batch_1/100233_00001_0000.nii.gz,/data/PANORAMA/cvillaseca/panorama_labels/automatic_labels/100233_00001.nii.gz
/data/PANORAMA/cvillaseca/panorama_batch1/batch_1/100436_00001_0000.nii.gz,/data/PANORAMA/cvillaseca/panorama_labels/automatic_labels/100436_00001.nii.gz
/data/PANORAMA/cvillaseca/panorama_batch1/batch_1/100502_00001_0000.nii.gz,/data/PANORAMA/cvillaseca/panorama_labels/automatic_labels/100502_00001.nii.gz
/data/PANORAMA/cvillaseca/panorama_batch1/batch_1/100347_00001_0000.nii.gz,/data/PANORAMA/cvillaseca/panorama_labels/manual_labels/100347_00001.nii.gz
/data/PANORAMA/cvillaseca/panorama_batch1/batch_1/100120_00001_0000.nii.gz,/data/PANORAMA/cvillaseca/panorama_labels/automatic_labels/100120_00001.nii.gz
/data/PANORAMA/cvillaseca/panorama_batch1/batch_1/100542_00001_0000.nii.gz,/data/PANORAMA/cvillaseca/panorama_labels/manual_labels/100542_00001.nii.gz
/data/PANORAMA/cvillaseca/panorama_batch1/batch_1/100349_00001_0000.nii.gz,/data/PANORAMA/cvillaseca/panorama_labels/automatic_labels/100349_00001.nii.gz
/data/PANORAMA/cvillaseca/panorama_batch1/batch_1/100145_00001_0000.nii.gz,/data/PANORAMA/cvillaseca/panorama_labels/automatic_labels/100145_00001.nii.gz
/data/PANORAMA/cvillaseca/panorama_batch1/batch_1/100274_00001_0000.nii.gz,/data/PANORAMA/cvillaseca/panorama_labels/automatic_labels/100274_00001.nii.gz
/data/PANORAMA/cvillaseca/panorama_batch1/batch_1/100175_00001_0000.nii.gz,/data/PANORAMA/cvillaseca/panorama_labels/automatic_labels/100175_00001.nii.gz
/data/PANORAMA/cvillaseca/panorama_batch1/batch_1/100170_00001_0000.nii.gz,/data/PANORAMA/cvillaseca/panorama_labels/automatic_labels/100170_00001.nii.gz
/data/PANORAMA/cvillaseca/panorama_batch1/batch_1/100514_00001_0000.nii.gz,/data/PANORAMA/cvillaseca/panorama_labels/automatic_labels/100514_00001.nii.gz
/data/PANORAMA/cvillaseca/panorama_batch1/batch_1/100159_00001_0000.nii.gz,/data/PANORAMA/cvillaseca/panorama_labels/automatic_labels/100159_00001.nii.gz
/data/PANORAMA/cvillaseca/panorama_batch1/batch_1/100449_00001_0000.nii.gz,/data/PANORAMA/cvillaseca/panorama_labels/automatic_labels/100449_00001.nii.gz
/data/PANORAMA/cvillaseca/panorama_batch1/batch_1/100183_00001_0000.nii.gz,/data/PANORAMA/cvillaseca/panorama_labels/manual_labels/100183_00001.nii.gz
/data/PANORAMA/cvillaseca/panorama_batch1/batch_1/100337_00001_0000.nii.gz,/data/PANORAMA/cvillaseca/panorama_labels/automatic_labels/100337_00001.nii.gz
/data/PANORAMA/cvillaseca/panorama_batch1/batch_1/100344_00001_0000.nii.gz,/data/PANORAMA/cvillaseca/panorama_labels/manual_labels/100344_00001.nii.gz
/data/PANORAMA/cvillaseca/panorama_batch1/batch_1/100177_00001_0000.nii.gz,/data/PANORAMA/cvillaseca/panorama_labels/automatic_labels/100177_00001.nii.gz
/data/PANORAMA/cvillaseca/panorama_batch1/batch_1/100353_00001_0000.nii.gz,/data/PANORAMA/cvillaseca/panorama_labels/automatic_labels/100353_00001.nii.gz
/data/PANORAMA/cvillaseca/panorama_batch1/batch_1/100402_00001_0000.nii.gz,/data/PANORAMA/cvillaseca/panorama_labels/manual_labels/100402_00001.nii.gz
/data/PANORAMA/cvillaseca/panorama_batch1/batch_1/100472_00001_0000.nii.gz,/data/PANORAMA/cvillaseca/panorama_labels/automatic_labels/100472_00001.nii.gz
/data/PANORAMA/cvillaseca/panorama_batch1/batch_1/100205_00001_0000.nii.gz,/data/PANORAMA/cvillaseca/panorama_labels/manual_labels/100205_00001.nii.gz
/data/PANORAMA/cvillaseca/panorama_batch1/batch_1/100281_00001_0000.nii.gz,/data/PANORAMA/cvillaseca/panorama_labels/automatic_labels/100281_00001.nii.gz
/data/PANORAMA/cvillaseca/panorama_batch1/batch_1/100010_00001_0000.nii.gz,/data/PANORAMA/cvillaseca/panorama_labels/automatic_labels/100010_00001.nii.gz
/data/PANORAMA/cvillaseca/panorama_batch1/batch_1/100536_00001_0000.nii.gz,/data/PANORAMA/cvillaseca/panorama_labels/automatic_labels/100536_00001.nii.gz
/data/PANORAMA/cvillaseca/panorama_batch1/batch_1/100108_00001_0000.nii.gz,/data/PANORAMA/cvillaseca/panorama_labels/automatic_labels/100108_00001.nii.gz
/data/PANORAMA/cvillaseca/panorama_batch1/batch_1/100412_00001_0000.nii.gz,/data/PANORAMA/cvillaseca/panorama_labels/automatic_labels/100412_00001.nii.gz
/data/PANORAMA/cvillaseca/panorama_batch1/batch_1/100141_00001_0000.nii.gz,/data/PANORAMA/cvillaseca/panorama_labels/automatic_labels/100141_00001.nii.gz
/data/PANORAMA/cvillaseca/panorama_batch1/batch_1/100363_00001_0000.nii.gz,/data/PANORAMA/cvillaseca/panorama_labels/automatic_labels/100363_00001.nii.gz
/data/PANORAMA/cvillaseca/panorama_batch1/batch_1/100336_00001_0000.nii.gz,/data/PANORAMA/cvillaseca/panorama_labels/automatic_labels/100336_00001.nii.gz
/data/PANORAMA/cvillaseca/panorama_batch1/batch_1/100100_00001_0000.nii.gz,/data/PANORAMA/cvillaseca/panorama_labels/manual_labels/100100_00001.nii.gz
/data/PANORAMA/cvillaseca/panorama_batch1/batch_1/100374_00001_0000.nii.gz,/data/PANORAMA/cvillaseca/panorama_labels/automatic_labels/100374_00001.nii.gz
/data/PANORAMA/cvillaseca/panorama_batch1/batch_1/100064_00001_0000.nii.gz,/data/PANORAMA/cvillaseca/panorama_labels/automatic_labels/100064_00001.nii.gz
/data/PANORAMA/cvillaseca/panorama_batch1/batch_1/100265_00001_0000.nii.gz,/data/PANORAMA/cvillaseca/panorama_labels/automatic_labels/100265_00001.nii.gz
/data/PANORAMA/cvillaseca/panorama_batch1/batch_1/100512_00001_0000.nii.gz,/data/PANORAMA/cvillaseca/panorama_labels/automatic_labels/100512_00001.nii.gz
/data/PANORAMA/cvillaseca/panorama_batch1/batch_1/100299_00001_0000.nii.gz,/data/PANORAMA/cvillaseca/panorama_labels/automatic_labels/100299_00001.nii.gz
/data/PANORAMA/cvillaseca/panorama_batch1/batch_1/100024_00001_0000.nii.gz,/data/PANORAMA/cvillaseca/panorama_labels/automatic_labels/100024_00001.nii.gz
/data/PANORAMA/cvillaseca/panorama_batch1/batch_1/100236_00001_0000.nii.gz,/data/PANORAMA/cvillaseca/panorama_labels/automatic_labels/100236_00001.nii.gz
/data/PANORAMA/cvillaseca/panorama_batch1/batch_1/100258_00001_0000.nii.gz,/data/PANORAMA/cvillaseca/panorama_labels/automatic_labels/100258_00001.nii.gz
/data/PANORAMA/cvillaseca/panorama_batch1/batch_1/100200_00001_0000.nii.gz,/data/PANORAMA/cvillaseca/panorama_labels/automatic_labels/100200_00001.nii.gz
/data/PANORAMA/cvillaseca/panorama_batch1/batch_1/100406_00001_0000.nii.gz,/data/PANORAMA/cvillaseca/panorama_labels/automatic_labels/100406_00001.nii.gz
/data/PANORAMA/cvillaseca/panorama_batch1/batch_1/100358_00001_0000.nii.gz,/data/PANORAMA/cvillaseca/panorama_labels/automatic_labels/100358_00001.nii.gz
/data/PANORAMA/cvillaseca/panorama_batch1/batch_1/100384_00001_0000.nii.gz,/data/PANORAMA/cvillaseca/panorama_labels/automatic_labels/100384_00001.nii.gz
/data/PANORAMA/cvillaseca/panorama_batch1/batch_1/100042_00001_0000.nii.gz,/data/PANORAMA/cvillaseca/panorama_labels/automatic_labels/100042_00001.nii.gz
/data/PANORAMA/cvillaseca/panorama_batch1/batch_1/100305_00001_0000.nii.gz,/data/PANORAMA/cvillaseca/panorama_labels/automatic_labels/100305_00001.nii.gz
/data/PANORAMA/cvillaseca/panorama_batch1/batch_1/100456_00001_0000.nii.gz,/data/PANORAMA/cvillaseca/panorama_labels/automatic_labels/100456_00001.nii.gz
/data/PANORAMA/cvillaseca/panorama_batch1/batch_1/100543_00001_0000.nii.gz,/data/PANORAMA/cvillaseca/panorama_labels/automatic_labels/100543_00001.nii.gz
/data/PANORAMA/cvillaseca/panorama_batch1/batch_1/100052_00001_0000.nii.gz,/data/PANORAMA/cvillaseca/panorama_labels/automatic_labels/100052_00001.nii.gz
/data/PANORAMA/cvillaseca/panorama_batch1/batch_1/100544_00001_0000.nii.gz,/data/PANORAMA/cvillaseca/panorama_labels/manual_labels/100544_00001.nii.gz
/data/PANORAMA/cvillaseca/panorama_batch1/batch_1/100225_00001_0000.nii.gz,/data/PANORAMA/cvillaseca/panorama_labels/automatic_labels/100225_00001.nii.gz
/data/PANORAMA/cvillaseca/panorama_batch1/batch_1/100383_00001_0000.nii.gz,/data/PANORAMA/cvillaseca/panorama_labels/automatic_labels/100383_00001.nii.gz
/data/PANORAMA/cvillaseca/panorama_batch1/batch_1/100047_00004_0000.nii.gz,/data/PANORAMA/cvillaseca/panorama_labels/automatic_labels/100047_00004.nii.gz
/data/PANORAMA/cvillaseca/panorama_batch1/batch_1/100223_00001_0000.nii.gz,/data/PANORAMA/cvillaseca/panorama_labels/automatic_labels/100223_00001.nii.gz
/data/PANORAMA/cvillaseca/panorama_batch1/batch_1/100088_00001_0000.nii.gz,/data/PANORAMA/cvillaseca/panorama_labels/automatic_labels/100088_00001.nii.gz
/data/PANORAMA/cvillaseca/panorama_batch1/batch_1/100308_00001_0000.nii.gz,/data/PANORAMA/cvillaseca/panorama_labels/automatic_labels/100308_00001.nii.gz
/data/PANORAMA/cvillaseca/panorama_batch1/batch_1/100021_00001_0000.nii.gz,/data/PANORAMA/cvillaseca/panorama_labels/automatic_labels/100021_00001.nii.gz
/data/PANORAMA/cvillaseca/panorama_batch1/batch_1/100307_00001_0000.nii.gz,/data/PANORAMA/cvillaseca/panorama_labels/automatic_labels/100307_00001.nii.gz
/data/PANORAMA/cvillaseca/panorama_batch1/batch_1/100035_00001_0000.nii.gz,/data/PANORAMA/cvillaseca/panorama_labels/automatic_labels/100035_00001.nii.gz
/data/PANORAMA/cvillaseca/panorama_batch1/batch_1/100486_00001_0000.nii.gz,/data/PANORAMA/cvillaseca/panorama_labels/automatic_labels/100486_00001.nii.gz
/data/PANORAMA/cvillaseca/panorama_batch1/batch_1/100228_00001_0000.nii.gz,/data/PANORAMA/cvillaseca/panorama_labels/automatic_labels/100228_00001.nii.gz
/data/PANORAMA/cvillaseca/panorama_batch1/batch_1/100041_00001_0000.nii.gz,/data/PANORAMA/cvillaseca/panorama_labels/automatic_labels/100041_00001.nii.gz
/data/PANORAMA/cvillaseca/panorama_batch1/batch_1/100341_00001_0000.nii.gz,/data/PANORAMA/cvillaseca/panorama_labels/automatic_labels/100341_00001.nii.gz
/data/PANORAMA/cvillaseca/panorama_batch1/batch_1/100255_00001_0000.nii.gz,/data/PANORAMA/cvillaseca/panorama_labels/manual_labels/100255_00001.nii.gz
/data/PANORAMA/cvillaseca/panorama_batch1/batch_1/100321_00001_0000.nii.gz,/data/PANORAMA/cvillaseca/panorama_labels/automatic_labels/100321_00001.nii.gz
/data/PANORAMA/cvillaseca/panorama_batch1/batch_1/100280_00001_0000.nii.gz,/data/PANORAMA/cvillaseca/panorama_labels/automatic_labels/100280_00001.nii.gz
/data/PANORAMA/cvillaseca/panorama_batch1/batch_1/100039_00001_0000.nii.gz,/data/PANORAMA/cvillaseca/panorama_labels/automatic_labels/100039_00001.nii.gz
/data/PANORAMA/cvillaseca/panorama_batch1/batch_1/100500_00001_0000.nii.gz,/data/PANORAMA/cvillaseca/panorama_labels/automatic_labels/100500_00001.nii.gz
/data/PANORAMA/cvillaseca/panorama_batch1/batch_1/100429_00001_0000.nii.gz,/data/PANORAMA/cvillaseca/panorama_labels/automatic_labels/100429_00001.nii.gz
/data/PANORAMA/cvillaseca/panorama_batch1/batch_1/100318_00001_0000.nii.gz,/data/PANORAMA/cvillaseca/panorama_labels/automatic_labels/100318_00001.nii.gz
/data/PANORAMA/cvillaseca/panorama_batch1/batch_1/100329_00001_0000.nii.gz,/data/PANORAMA/cvillaseca/panorama_labels/automatic_labels/100329_00001.nii.gz
/data/PANORAMA/cvillaseca/panorama_batch1/batch_1/100382_00001_0000.nii.gz,/data/PANORAMA/cvillaseca/panorama_labels/automatic_labels/100382_00001.nii.gz
/data/PANORAMA/cvillaseca/panorama_batch1/batch_1/100250_00001_0000.nii.gz,/data/PANORAMA/cvillaseca/panorama_labels/automatic_labels/100250_00001.nii.gz
/data/PANORAMA/cvillaseca/panorama_batch1/batch_1/100450_00001_0000.nii.gz,/data/PANORAMA/cvillaseca/panorama_labels/automatic_labels/100450_00001.nii.gz
/data/PANORAMA/cvillaseca/panorama_batch1/batch_1/100226_00001_0000.nii.gz,/data/PANORAMA/cvillaseca/panorama_labels/manual_labels/100226_00001.nii.gz
/data/PANORAMA/cvillaseca/panorama_batch1/batch_1/100447_00001_0000.nii.gz,/data/PANORAMA/cvillaseca/panorama_labels/automatic_labels/100447_00001.nii.gz
/data/PANORAMA/cvillaseca/panorama_batch1/batch_1/100206_00001_0000.nii.gz,/data/PANORAMA/cvillaseca/panorama_labels/automatic_labels/100206_00001.nii.gz
/data/PANORAMA/cvillaseca/panorama_batch1/batch_1/100080_00001_0000.nii.gz,/data/PANORAMA/cvillaseca/panorama_labels/automatic_labels/100080_00001.nii.gz
/data/PANORAMA/cvillaseca/panorama_batch1/batch_1/100380_00001_0000.nii.gz,/data/PANORAMA/cvillaseca/panorama_labels/automatic_labels/100380_00001.nii.gz
/data/PANORAMA/cvillaseca/panorama_batch1/batch_1/100505_00001_0000.nii.gz,/data/PANORAMA/cvillaseca/panorama_labels/automatic_labels/100505_00001.nii.gz
/data/PANORAMA/cvillaseca/panorama_batch1/batch_1/100491_00001_0000.nii.gz,/data/PANORAMA/cvillaseca/panorama_labels/automatic_labels/100491_00001.nii.gz
/data/PANORAMA/cvillaseca/panorama_batch1/batch_1/100441_00001_0000.nii.gz,/data/PANORAMA/cvillaseca/panorama_labels/automatic_labels/100441_00001.nii.gz
/data/PANORAMA/cvillaseca/panorama_batch1/batch_1/100470_00001_0000.nii.gz,/data/PANORAMA/cvillaseca/panorama_labels/automatic_labels/100470_00001.nii.gz
/data/PANORAMA/cvillaseca/panorama_batch1/batch_1/100242_00001_0000.nii.gz,/data/PANORAMA/cvillaseca/panorama_labels/automatic_labels/100242_00001.nii.gz
/data/PANORAMA/cvillaseca/panorama_batch1/batch_1/100545_00001_0000.nii.gz,/data/PANORAMA/cvillaseca/panorama_labels/manual_labels/100545_00001.nii.gz
/data/PANORAMA/cvillaseca/panorama_batch1/batch_1/100227_00001_0000.nii.gz,/data/PANORAMA/cvillaseca/panorama_labels/automatic_labels/100227_00001.nii.gz
/data/PANORAMA/cvillaseca/panorama_batch1/batch_1/100132_00001_0000.nii.gz,/data/PANORAMA/cvillaseca/panorama_labels/automatic_labels/100132_00001.nii.gz
/data/PANORAMA/cvillaseca/panorama_batch1/batch_1/100396_00001_0000.nii.gz,/data/PANORAMA/cvillaseca/panorama_labels/automatic_labels/100396_00001.nii.gz
/data/PANORAMA/cvillaseca/panorama_batch1/batch_1/100140_00001_0000.nii.gz,/data/PANORAMA/cvillaseca/panorama_labels/manual_labels/100140_00001.nii.gz
/data/PANORAMA/cvillaseca/panorama_batch1/batch_1/100277_00001_0000.nii.gz,/data/PANORAMA/cvillaseca/panorama_labels/automatic_labels/100277_00001.nii.gz
/data/PANORAMA/cvillaseca/panorama_batch1/batch_1/100444_00001_0000.nii.gz,/data/PANORAMA/cvillaseca/panorama_labels/automatic_labels/100444_00001.nii.gz
/data/PANORAMA/cvillaseca/panorama_batch1/batch_1/100276_00001_0000.nii.gz,/data/PANORAMA/cvillaseca/panorama_labels/manual_labels/100276_00001.nii.gz
/data/PANORAMA/cvillaseca/panorama_batch1/batch_1/100149_00001_0000.nii.gz,/data/PANORAMA/cvillaseca/panorama_labels/automatic_labels/100149_00001.nii.gz
/data/PANORAMA/cvillaseca/panorama_batch1/batch_1/100284_00001_0000.nii.gz,/data/PANORAMA/cvillaseca/panorama_labels/automatic_labels/100284_00001.nii.gz
/data/PANORAMA/cvillaseca/panorama_batch1/batch_1/100369_00001_0000.nii.gz,/data/PANORAMA/cvillaseca/panorama_labels/manual_labels/100369_00001.nii.gz
/data/PANORAMA/cvillaseca/panorama_batch1/batch_1/100221_00001_0000.nii.gz,/data/PANORAMA/cvillaseca/panorama_labels/automatic_labels/100221_00001.nii.gz
/data/PANORAMA/cvillaseca/panorama_batch1/batch_1/100411_00001_0000.nii.gz,/data/PANORAMA/cvillaseca/panorama_labels/automatic_labels/100411_00001.nii.gz
/data/PANORAMA/cvillaseca/panorama_batch1/batch_1/100323_00001_0000.nii.gz,/data/PANORAMA/cvillaseca/panorama_labels/manual_labels/100323_00001.nii.gz
/data/PANORAMA/cvillaseca/panorama_batch1/batch_1/100061_00001_0000.nii.gz,/data/PANORAMA/cvillaseca/panorama_labels/automatic_labels/100061_00001.nii.gz
/data/PANORAMA/cvillaseca/panorama_batch1/batch_1/100518_00001_0000.nii.gz,/data/PANORAMA/cvillaseca/panorama_labels/automatic_labels/100518_00001.nii.gz
/data/PANORAMA/cvillaseca/panorama_batch1/batch_1/100425_00001_0000.nii.gz,/data/PANORAMA/cvillaseca/panorama_labels/automatic_labels/100425_00001.nii.gz
/data/PANORAMA/cvillaseca/panorama_batch1/batch_1/100105_00001_0000.nii.gz,/data/PANORAMA/cvillaseca/panorama_labels/automatic_labels/100105_00001.nii.gz
/data/PANORAMA/cvillaseca/panorama_batch1/batch_1/100015_00001_0000.nii.gz,/data/PANORAMA/cvillaseca/panorama_labels/automatic_labels/100015_00001.nii.gz
/data/PANORAMA/cvillaseca/panorama_batch1/batch_1/100135_00001_0000.nii.gz,/data/PANORAMA/cvillaseca/panorama_labels/automatic_labels/100135_00001.nii.gz
/data/PANORAMA/cvillaseca/panorama_batch1/batch_1/100361_00001_0000.nii.gz,/data/PANORAMA/cvillaseca/panorama_labels/automatic_labels/100361_00001.nii.gz
/data/PANORAMA/cvillaseca/panorama_batch1/batch_1/100087_00001_0000.nii.gz,/data/PANORAMA/cvillaseca/panorama_labels/automatic_labels/100087_00001.nii.gz
/data/PANORAMA/cvillaseca/panorama_batch1/batch_1/100469_00001_0000.nii.gz,/data/PANORAMA/cvillaseca/panorama_labels/automatic_labels/100469_00001.nii.gz
/data/PANORAMA/cvillaseca/panorama_batch1/batch_1/100345_00001_0000.nii.gz,/data/PANORAMA/cvillaseca/panorama_labels/automatic_labels/100345_00001.nii.gz
/data/PANORAMA/cvillaseca/panorama_batch1/batch_1/100247_00001_0000.nii.gz,/data/PANORAMA/cvillaseca/panorama_labels/manual_labels/100247_00001.nii.gz
/data/PANORAMA/cvillaseca/panorama_batch1/batch_1/100271_00001_0000.nii.gz,/data/PANORAMA/cvillaseca/panorama_labels/automatic_labels/100271_00001.nii.gz
/data/PANORAMA/cvillaseca/panorama_batch1/batch_1/100086_00001_0000.nii.gz,/data/PANORAMA/cvillaseca/panorama_labels/manual_labels/100086_00001.nii.gz
/data/PANORAMA/cvillaseca/panorama_batch1/batch_1/100164_00001_0000.nii.gz,/data/PANORAMA/cvillaseca/panorama_labels/automatic_labels/100164_00001.nii.gz
/data/PANORAMA/cvillaseca/panorama_batch1/batch_1/100389_00001_0000.nii.gz,/data/PANORAMA/cvillaseca/panorama_labels/automatic_labels/100389_00001.nii.gz
/data/PANORAMA/cvillaseca/panorama_batch1/batch_1/100451_00001_0000.nii.gz,/data/PANORAMA/cvillaseca/panorama_labels/automatic_labels/100451_00001.nii.gz
/data/PANORAMA/cvillaseca/panorama_batch1/batch_1/100355_00001_0000.nii.gz,/data/PANORAMA/cvillaseca/panorama_labels/automatic_labels/100355_00001.nii.gz
/data/PANORAMA/cvillaseca/panorama_batch1/batch_1/100077_00001_0000.nii.gz,/data/PANORAMA/cvillaseca/panorama_labels/automatic_labels/100077_00001.nii.gz
/data/PANORAMA/cvillaseca/panorama_batch1/batch_1/100466_00001_0000.nii.gz,/data/PANORAMA/cvillaseca/panorama_labels/automatic_labels/100466_00001.nii.gz
/data/PANORAMA/cvillaseca/panorama_batch1/batch_1/100063_00001_0000.nii.gz,/data/PANORAMA/cvillaseca/panorama_labels/automatic_labels/100063_00001.nii.gz
/data/PANORAMA/cvillaseca/panorama_batch1/batch_1/100290_00001_0000.nii.gz,/data/PANORAMA/cvillaseca/panorama_labels/manual_labels/100290_00001.nii.gz
/data/PANORAMA/cvillaseca/panorama_batch1/batch_1/100114_00001_0000.nii.gz,/data/PANORAMA/cvillaseca/panorama_labels/automatic_labels/100114_00001.nii.gz
/data/PANORAMA/cvillaseca/panorama_batch1/batch_1/100296_00001_0000.nii.gz,/data/PANORAMA/cvillaseca/panorama_labels/manual_labels/100296_00001.nii.gz
/data/PANORAMA/cvillaseca/panorama_batch1/batch_1/100310_00001_0000.nii.gz,/data/PANORAMA/cvillaseca/panorama_labels/automatic_labels/100310_00001.nii.gz
/data/PANORAMA/cvillaseca/panorama_batch1/batch_1/100050_00001_0000.nii.gz,/data/PANORAMA/cvillaseca/panorama_labels/manual_labels/100050_00001.nii.gz
/data/PANORAMA/cvillaseca/panorama_batch1/batch_1/100410_00001_0000.nii.gz,/data/PANORAMA/cvillaseca/panorama_labels/automatic_labels/100410_00001.nii.gz
/data/PANORAMA/cvillaseca/panorama_batch1/batch_1/100185_00001_0000.nii.gz,/data/PANORAMA/cvillaseca/panorama_labels/automatic_labels/100185_00001.nii.gz
/data/PANORAMA/cvillaseca/panorama_batch1/batch_1/100178_00001_0000.nii.gz,/data/PANORAMA/cvillaseca/panorama_labels/automatic_labels/100178_00001.nii.gz
/data/PANORAMA/cvillaseca/panorama_batch1/batch_1/100496_00001_0000.nii.gz,/data/PANORAMA/cvillaseca/panorama_labels/manual_labels/100496_00001.nii.gz
/data/PANORAMA/cvillaseca/panorama_batch1/batch_1/100098_00001_0000.nii.gz,/data/PANORAMA/cvillaseca/panorama_labels/automatic_labels/100098_00001.nii.gz
/data/PANORAMA/cvillaseca/panorama_batch1/batch_1/100040_00001_0000.nii.gz,/data/PANORAMA/cvillaseca/panorama_labels/automatic_labels/100040_00001.nii.gz
/data/PANORAMA/cvillaseca/panorama_batch1/batch_1/100172_00001_0000.nii.gz,/data/PANORAMA/cvillaseca/panorama_labels/automatic_labels/100172_00001.nii.gz
/data/PANORAMA/cvillaseca/panorama_batch1/batch_1/100492_00001_0000.nii.gz,/data/PANORAMA/cvillaseca/panorama_labels/manual_labels/100492_00001.nii.gz
/data/PANORAMA/cvillaseca/panorama_batch1/batch_1/100082_00001_0000.nii.gz,/data/PANORAMA/cvillaseca/panorama_labels/automatic_labels/100082_00001.nii.gz
/data/PANORAMA/cvillaseca/panorama_batch1/batch_1/100476_00001_0000.nii.gz,/data/PANORAMA/cvillaseca/panorama_labels/automatic_labels/100476_00001.nii.gz
/data/PANORAMA/cvillaseca/panorama_batch1/batch_1/100071_00001_0000.nii.gz,/data/PANORAMA/cvillaseca/panorama_labels/automatic_labels/100071_00001.nii.gz
/data/PANORAMA/cvillaseca/panorama_batch1/batch_1/100356_00001_0000.nii.gz,/data/PANORAMA/cvillaseca/panorama_labels/automatic_labels/100356_00001.nii.gz
/data/PANORAMA/cvillaseca/panorama_batch1/batch_1/100187_00001_0000.nii.gz,/data/PANORAMA/cvillaseca/panorama_labels/manual_labels/100187_00001.nii.gz
/data/PANORAMA/cvillaseca/panorama_batch1/batch_1/100462_00001_0000.nii.gz,/data/PANORAMA/cvillaseca/panorama_labels/automatic_labels/100462_00001.nii.gz
/data/PANORAMA/cvillaseca/panorama_batch1/batch_1/100059_00001_0000.nii.gz,/data/PANORAMA/cvillaseca/panorama_labels/automatic_labels/100059_00001.nii.gz
/data/PANORAMA/cvillaseca/panorama_batch1/batch_1/100398_00001_0000.nii.gz,/data/PANORAMA/cvillaseca/panorama_labels/automatic_labels/100398_00001.nii.gz
/data/PANORAMA/cvillaseca/panorama_batch1/batch_1/100049_00001_0000.nii.gz,/data/PANORAMA/cvillaseca/panorama_labels/automatic_labels/100049_00001.nii.gz
/data/PANORAMA/cvillaseca/panorama_batch1/batch_1/100448_00001_0000.nii.gz,/data/PANORAMA/cvillaseca/panorama_labels/automatic_labels/100448_00001.nii.gz
/data/PANORAMA/cvillaseca/panorama_batch1/batch_1/100216_00001_0000.nii.gz,/data/PANORAMA/cvillaseca/panorama_labels/automatic_labels/100216_00001.nii.gz
/data/PANORAMA/cvillaseca/panorama_batch1/batch_1/100493_00001_0000.nii.gz,/data/PANORAMA/cvillaseca/panorama_labels/automatic_labels/100493_00001.nii.gz
/data/PANORAMA/cvillaseca/panorama_batch1/batch_1/100315_00001_0000.nii.gz,/data/PANORAMA/cvillaseca/panorama_labels/automatic_labels/100315_00001.nii.gz
/data/PANORAMA/cvillaseca/panorama_batch1/batch_1/100381_00001_0000.nii.gz,/data/PANORAMA/cvillaseca/panorama_labels/automatic_labels/100381_00001.nii.gz
/data/PANORAMA/cvillaseca/panorama_batch1/batch_1/100171_00001_0000.nii.gz,/data/PANORAMA/cvillaseca/panorama_labels/automatic_labels/100171_00001.nii.gz
/data/PANORAMA/cvillaseca/panorama_batch1/batch_1/100517_00001_0000.nii.gz,/data/PANORAMA/cvillaseca/panorama_labels/automatic_labels/100517_00001.nii.gz
/data/PANORAMA/cvillaseca/panorama_batch1/batch_1/100342_00001_0000.nii.gz,/data/PANORAMA/cvillaseca/panorama_labels/automatic_labels/100342_00001.nii.gz
/data/PANORAMA/cvillaseca/panorama_batch1/batch_1/100477_00001_0000.nii.gz,/data/PANORAMA/cvillaseca/panorama_labels/automatic_labels/100477_00001.nii.gz
/data/PANORAMA/cvillaseca/panorama_batch1/batch_1/100327_00001_0000.nii.gz,/data/PANORAMA/cvillaseca/panorama_labels/automatic_labels/100327_00001.nii.gz
/data/PANORAMA/cvillaseca/panorama_batch1/batch_1/100471_00001_0000.nii.gz,/data/PANORAMA/cvillaseca/panorama_labels/automatic_labels/100471_00001.nii.gz
/data/PANORAMA/cvillaseca/panorama_batch1/batch_1/100076_00001_0000.nii.gz,/data/PANORAMA/cvillaseca/panorama_labels/automatic_labels/100076_00001.nii.gz
/data/PANORAMA/cvillaseca/panorama_batch1/batch_1/100464_00001_0000.nii.gz,/data/PANORAMA/cvillaseca/panorama_labels/manual_labels/100464_00001.nii.gz
/data/PANORAMA/cvillaseca/panorama_batch1/batch_1/100089_00001_0000.nii.gz,/data/PANORAMA/cvillaseca/panorama_labels/automatic_labels/100089_00001.nii.gz
/data/PANORAMA/cvillaseca/panorama_batch1/batch_1/100131_00001_0000.nii.gz,/data/PANORAMA/cvillaseca/panorama_labels/automatic_labels/100131_00001.nii.gz
/data/PANORAMA/cvillaseca/panorama_batch1/batch_1/100224_00001_0000.nii.gz,/data/PANORAMA/cvillaseca/panorama_labels/automatic_labels/100224_00001.nii.gz
/data/PANORAMA/cvillaseca/panorama_batch1/batch_1/100163_00001_0000.nii.gz,/data/PANORAMA/cvillaseca/panorama_labels/manual_labels/100163_00001.nii.gz
/data/PANORAMA/cvillaseca/panorama_batch1/batch_1/100439_00001_0000.nii.gz,/data/PANORAMA/cvillaseca/panorama_labels/automatic_labels/100439_00001.nii.gz
/data/PANORAMA/cvillaseca/panorama_batch1/batch_1/100428_00001_0000.nii.gz,/data/PANORAMA/cvillaseca/panorama_labels/automatic_labels/100428_00001.nii.gz
/data/PANORAMA/cvillaseca/panorama_batch1/batch_1/100125_00001_0000.nii.gz,/data/PANORAMA/cvillaseca/panorama_labels/automatic_labels/100125_00001.nii.gz
/data/PANORAMA/cvillaseca/panorama_batch1/batch_1/100511_00001_0000.nii.gz,/data/PANORAMA/cvillaseca/panorama_labels/automatic_labels/100511_00001.nii.gz
/data/PANORAMA/cvillaseca/panorama_batch1/batch_1/100483_00001_0000.nii.gz,/data/PANORAMA/cvillaseca/panorama_labels/automatic_labels/100483_00001.nii.gz
/data/PANORAMA/cvillaseca/panorama_batch1/batch_1/100446_00001_0000.nii.gz,/data/PANORAMA/cvillaseca/panorama_labels/automatic_labels/100446_00001.nii.gz
/data/PANORAMA/cvillaseca/panorama_batch1/batch_1/100104_00001_0000.nii.gz,/data/PANORAMA/cvillaseca/panorama_labels/automatic_labels/100104_00001.nii.gz
/data/PANORAMA/cvillaseca/panorama_batch1/batch_1/100366_00001_0000.nii.gz,/data/PANORAMA/cvillaseca/panorama_labels/automatic_labels/100366_00001.nii.gz
/data/PANORAMA/cvillaseca/panorama_batch1/batch_1/100148_00001_0000.nii.gz,/data/PANORAMA/cvillaseca/panorama_labels/automatic_labels/100148_00001.nii.gz
/data/PANORAMA/cvillaseca/panorama_batch1/batch_1/100189_00001_0000.nii.gz,/data/PANORAMA/cvillaseca/panorama_labels/automatic_labels/100189_00001.nii.gz
/data/PANORAMA/cvillaseca/panorama_batch1/batch_1/100314_00001_0000.nii.gz,/data/PANORAMA/cvillaseca/panorama_labels/automatic_labels/100314_00001.nii.gz
/data/PANORAMA/cvillaseca/panorama_batch1/batch_1/100026_00001_0000.nii.gz,/data/PANORAMA/cvillaseca/panorama_labels/automatic_labels/100026_00001.nii.gz
/data/PANORAMA/cvillaseca/panorama_batch1/batch_1/100009_00001_0000.nii.gz,/data/PANORAMA/cvillaseca/panorama_labels/manual_labels/100009_00001.nii.gz
/data/PANORAMA/cvillaseca/panorama_batch1/batch_1/100322_00001_0000.nii.gz,/data/PANORAMA/cvillaseca/panorama_labels/automatic_labels/100322_00001.nii.gz
/data/PANORAMA/cvillaseca/panorama_batch1/batch_1/100219_00001_0000.nii.gz,/data/PANORAMA/cvillaseca/panorama_labels/automatic_labels/100219_00001.nii.gz
/data/PANORAMA/cvillaseca/panorama_batch1/batch_1/100352_00001_0000.nii.gz,/data/PANORAMA/cvillaseca/panorama_labels/automatic_labels/100352_00001.nii.gz
/data/PANORAMA/cvillaseca/panorama_batch1/batch_1/100351_00001_0000.nii.gz,/data/PANORAMA/cvillaseca/panorama_labels/manual_labels/100351_00001.nii.gz
/data/PANORAMA/cvillaseca/panorama_batch1/batch_1/100190_00001_0000.nii.gz,/data/PANORAMA/cvillaseca/panorama_labels/automatic_labels/100190_00001.nii.gz
/data/PANORAMA/cvillaseca/panorama_batch1/batch_1/100210_00001_0000.nii.gz,/data/PANORAMA/cvillaseca/panorama_labels/automatic_labels/100210_00001.nii.gz
/data/PANORAMA/cvillaseca/panorama_batch1/batch_1/100161_00001_0000.nii.gz,/data/PANORAMA/cvillaseca/panorama_labels/manual_labels/100161_00001.nii.gz
/data/PANORAMA/cvillaseca/panorama_batch1/batch_1/100328_00001_0000.nii.gz,/data/PANORAMA/cvillaseca/panorama_labels/automatic_labels/100328_00001.nii.gz
/data/PANORAMA/cvillaseca/panorama_batch1/batch_1/100085_00001_0000.nii.gz,/data/PANORAMA/cvillaseca/panorama_labels/automatic_labels/100085_00001.nii.gz
/data/PANORAMA/cvillaseca/panorama_batch1/batch_1/100075_00001_0000.nii.gz,/data/PANORAMA/cvillaseca/panorama_labels/automatic_labels/100075_00001.nii.gz
/data/PANORAMA/cvillaseca/panorama_batch1/batch_1/100395_00001_0000.nii.gz,/data/PANORAMA/cvillaseca/panorama_labels/automatic_labels/100395_00001.nii.gz
/data/PANORAMA/cvillaseca/panorama_batch1/batch_1/100364_00001_0000.nii.gz,/data/PANORAMA/cvillaseca/panorama_labels/automatic_labels/100364_00001.nii.gz
/data/PANORAMA/cvillaseca/panorama_batch1/batch_1/100388_00001_0000.nii.gz,/data/PANORAMA/cvillaseca/panorama_labels/automatic_labels/100388_00001.nii.gz
/data/PANORAMA/cvillaseca/panorama_batch1/batch_1/100020_00001_0000.nii.gz,/data/PANORAMA/cvillaseca/panorama_labels/automatic_labels/100020_00001.nii.gz
/data/PANORAMA/cvillaseca/panorama_batch1/batch_1/100453_00001_0000.nii.gz,/data/PANORAMA/cvillaseca/panorama_labels/automatic_labels/100453_00001.nii.gz
/data/PANORAMA/cvillaseca/panorama_batch1/batch_1/100346_00001_0000.nii.gz,/data/PANORAMA/cvillaseca/panorama_labels/automatic_labels/100346_00001.nii.gz
/data/PANORAMA/cvillaseca/panorama_batch1/batch_1/100119_00001_0000.nii.gz,/data/PANORAMA/cvillaseca/panorama_labels/automatic_labels/100119_00001.nii.gz
/data/PANORAMA/cvillaseca/panorama_batch1/batch_1/100142_00001_0000.nii.gz,/data/PANORAMA/cvillaseca/panorama_labels/automatic_labels/100142_00001.nii.gz
/data/PANORAMA/cvillaseca/panorama_batch1/batch_1/100454_00001_0000.nii.gz,/data/PANORAMA/cvillaseca/panorama_labels/automatic_labels/100454_00001.nii.gz
/data/PANORAMA/cvillaseca/panorama_batch1/batch_1/100354_00001_0000.nii.gz,/data/PANORAMA/cvillaseca/panorama_labels/automatic_labels/100354_00001.nii.gz
/data/PANORAMA/cvillaseca/panorama_batch1/batch_1/100267_00001_0000.nii.gz,/data/PANORAMA/cvillaseca/panorama_labels/manual_labels/100267_00001.nii.gz
/data/PANORAMA/cvillaseca/panorama_batch1/batch_1/100459_00001_0000.nii.gz,/data/PANORAMA/cvillaseca/panorama_labels/automatic_labels/100459_00001.nii.gz
/data/PANORAMA/cvillaseca/panorama_batch1/batch_1/100408_00001_0000.nii.gz,/data/PANORAMA/cvillaseca/panorama_labels/automatic_labels/100408_00001.nii.gz
/data/PANORAMA/cvillaseca/panorama_batch1/batch_1/100417_00002_0000.nii.gz,/data/PANORAMA/cvillaseca/panorama_labels/automatic_labels/100417_00002.nii.gz
/data/PANORAMA/cvillaseca/panorama_batch1/batch_1/100124_00001_0000.nii.gz,/data/PANORAMA/cvillaseca/panorama_labels/manual_labels/100124_00001.nii.gz
/data/PANORAMA/cvillaseca/panorama_batch1/batch_1/100438_00001_0000.nii.gz,/data/PANORAMA/cvillaseca/panorama_labels/manual_labels/100438_00001.nii.gz
/data/PANORAMA/cvillaseca/panorama_batch1/batch_1/100083_00001_0000.nii.gz,/data/PANORAMA/cvillaseca/panorama_labels/automatic_labels/100083_00001.nii.gz
/data/PANORAMA/cvillaseca/panorama_batch1/batch_1/100222_00001_0000.nii.gz,/data/PANORAMA/cvillaseca/panorama_labels/automatic_labels/100222_00001.nii.gz
/data/PANORAMA/cvillaseca/panorama_batch1/batch_1/100182_00001_0000.nii.gz,/data/PANORAMA/cvillaseca/panorama_labels/automatic_labels/100182_00001.nii.gz
/data/PANORAMA/cvillaseca/panorama_batch1/batch_1/100370_00001_0000.nii.gz,/data/PANORAMA/cvillaseca/panorama_labels/automatic_labels/100370_00001.nii.gz
/data/PANORAMA/cvillaseca/panorama_batch1/batch_1/100390_00001_0000.nii.gz,/data/PANORAMA/cvillaseca/panorama_labels/automatic_labels/100390_00001.nii.gz
/data/PANORAMA/cvillaseca/panorama_batch1/batch_1/100391_00001_0000.nii.gz,/data/PANORAMA/cvillaseca/panorama_labels/automatic_labels/100391_00001.nii.gz
/data/PANORAMA/cvillaseca/panorama_batch1/batch_1/100011_00001_0000.nii.gz,/data/PANORAMA/cvillaseca/panorama_labels/automatic_labels/100011_00001.nii.gz
/data/PANORAMA/cvillaseca/panorama_batch1/batch_1/100533_00001_0000.nii.gz,/data/PANORAMA/cvillaseca/panorama_labels/manual_labels/100533_00001.nii.gz
/data/PANORAMA/cvillaseca/panorama_batch1/batch_1/100218_00001_0000.nii.gz,/data/PANORAMA/cvillaseca/panorama_labels/automatic_labels/100218_00001.nii.gz
